voltage,current,time
7.271767e-06,-1.026201e-06,0.0
8.794665e-05,1.023686e-05,0.5421308
5.90086e-06,-3.261724e-06,1.084265
5.036592e-06,-4.30888e-06,1.626388
4.470348e-06,8.785515e-06,2.168525
8.72612e-05,2.066139e-06,2.710639
3.099442e-06,6.516813e-06,3.252741
1.66893e-06,3.830181e-06,3.794855
8.919835e-05,1.055433e-05,4.336968
8.553267e-05,3.934256e-06,4.879094
2.384186e-07,9.933719e-06,5.421222
8.824468e-05,8.71974e-06,5.963329
8.752942e-05,8.783187e-06,6.505436
8.678436e-05,5.898532e-06,7.047573
-2.890825e-06,3.47849e-06,7.589669
8.541346e-05,3.311085e-06,8.13178
8.296967e-05,8.309726e-06,8.673907
8.484721e-05,4.597823e-06,9.216021
8.380413e-05,5.159993e-06,9.758131
0.0001709461,4.915288e-06,10.30027
0.0001714528,5.013077e-06,10.84239
7.852912e-05,3.661378e-06,11.38452
8.285046e-05,3.51714e-06,11.92666
0.0001682639,5.966052e-06,12.46878
7.706881e-05,6.609131e-06,13.0109
8.070469e-05,7.973867e-06,13.55303
0.000164628,6.244169e-06,14.09516
0.0001690686,6.593415e-06,14.63727
0.0001618564,5.989103e-06,15.17939
0.0001639128,5.676411e-06,15.7215
0.0001657009,6.113434e-06,16.26362
0.0001604557,4.88793e-06,16.80573
0.0001655221,4.700269e-06,17.34785
0.0001664162,6.209477e-06,17.88997
0.0001661479,4.879199e-06,18.43207
0.0001647472,4.927628e-06,18.97422
0.0001615882,5.465816e-06,19.51634
0.0002523363,5.920418e-06,20.05846
0.0001600385,5.988055e-06,20.60058
0.0002539754,6.058835e-06,21.1427
0.0001625121,6.24056e-06,21.68483
0.0002517104,4.463247e-06,22.22693
0.000254035,4.423666e-06,22.76904
0.0002497435,5.850918e-06,23.31119
0.0002568662,5.401205e-06,23.8533
0.0002536774,5.549518e-06,24.39542
0.0002001226,5.565351e-06,24.93753
0.0002302527,5.340786e-06,25.47964
0.000249058,5.952315e-06,26.02174
0.000271976,5.660113e-06,26.56385
0.000328511,5.913666e-06,27.10599
0.0002515614,5.565118e-06,27.6481
0.0002531707,5.572569e-06,28.19022
0.000251621,5.385722e-06,28.73233
0.0003513992,5.862094e-06,29.27443
0.000251323,5.108654e-06,29.81656
0.0002504885,5.971175e-06,30.35869
0.0003492236,6.002956e-06,30.90084
0.0003455579,5.397014e-06,31.44297
0.0002804101,6.440445e-06,31.98507
0.0003462434,5.427632e-06,32.52721
0.0003510118,5.120062e-06,33.06934
0.0003463626,5.410868e-06,33.61146
0.0003445148,5.349866e-06,34.15359
0.0003359616,6.023562e-06,34.69569
0.000351429,5.525537e-06,35.2378
0.0003428757,5.58421e-06,35.77992
0.0003427565,5.606096e-06,36.32202
0.0003474057,5.755457e-06,36.86413
0.0003466606,5.555223e-06,37.40627
0.0003440976,5.679205e-06,37.94838
0.0003513098,5.400274e-06,38.49049
0.0003452897,5.542068e-06,39.03261
0.0004140437,5.599461e-06,39.57472
0.0003406405,5.407841e-06,40.11685
0.0003435016,5.297596e-06,40.65895
0.0003485084,5.829264e-06,41.20107
0.0004492104,5.853362e-06,41.74321
0.0004444718,5.658483e-06,42.28533
0.0004453361,5.731825e-06,42.82745
0.0003526509,6.301561e-06,43.36958
0.00044927,5.358015e-06,43.91171
0.0004500747,5.278271e-06,44.45383
0.0004561245,5.414942e-06,44.99594
0.0004530549,5.795737e-06,45.53806
0.0004523695,5.970476e-06,46.0802
0.000442028,5.878857e-06,46.6223
0.0004559755,5.867798e-06,47.16443
0.0004534423,5.605631e-06,47.70655
0.0004693866,5.758833e-06,48.24866
0.0004560351,5.938578e-06,48.79076
0.0004517734,5.884911e-06,49.3329
0.0004564524,5.678972e-06,49.87504
0.0004597604,5.826121e-06,50.41716
0.0004533231,5.529844e-06,50.95927
0.0005573034,5.881768e-06,51.50138
0.0005452037,5.732407e-06,52.04349
0.0004576147,6.285263e-06,52.5856
0.0004595816,5.960232e-06,53.12772
0.0005497932,5.936483e-06,53.66983
0.0004723668,6.288523e-06,54.21193
0.0005524755,5.592592e-06,54.75405
0.0005203187,5.81448e-06,55.29618
0.0004856288,6.093294e-06,55.83831
0.0005576313,5.650101e-06,56.38044
0.0005693138,5.748705e-06,56.92255
0.0004807115,5.847192e-06,57.46466
0.0005690753,5.509472e-06,58.00678
0.0005690753,5.575363e-06,58.5489
0.0005686879,5.932525e-06,59.09102
0.0005375743,5.661277e-06,59.63314
0.0005685091,5.809823e-06,60.17526
0.0005765855,5.903654e-06,60.71739
0.000572294,5.872804e-06,61.2595
0.0005726218,5.883165e-06,61.80162
0.0005900562,6.003538e-06,62.34373
0.0006382465,5.955808e-06,62.88585
0.0005743802,5.669659e-06,63.42796
0.0005789399,5.443231e-06,63.9701
0.0005809367,6.151735e-06,64.51222
0.0005755126,5.648239e-06,65.05433
0.0005810857,6.20319e-06,65.59643
0.0005812645,6.255927e-06,66.13855
0.0005895793,6.308546e-06,66.68066
0.0006117523,6.162678e-06,67.22278
0.0006840229,5.553942e-06,67.76491
0.0006459653,5.645212e-06,68.30704
0.000682354,5.748705e-06,68.84916
0.0006627738,5.736831e-06,69.39128
0.0006200969,6.084098e-06,69.93339
0.0006878078,5.956506e-06,70.47553
0.0006072521,6.307731e-06,71.01764
0.0006886423,5.731243e-06,71.55978
0.0007013977,5.860813e-06,72.1019
0.0006797612,6.264658e-06,72.64402
0.0006164908,6.053364e-06,73.18614
0.0006984472,5.948124e-06,73.72827
0.0007107258,5.873153e-06,74.27037
0.0007006824,5.875481e-06,74.81249
0.0007123649,5.968264e-06,75.35461
0.0006809235,5.925074e-06,75.89673
0.0007205009,5.690847e-06,76.43884
0.0007195473,5.920534e-06,76.98095
0.0007172525,5.945796e-06,77.52307
0.0007434487,6.043119e-06,78.06519
0.000721693,5.996553e-06,78.6073
0.0007525384,6.127055e-06,79.14942
0.0007839799,6.088638e-06,79.69154
0.0007187128,6.060698e-06,80.23368
0.0007230341,6.127637e-06,80.7758
0.0007165968,5.759764e-06,81.3179
0.0007294416,5.790382e-06,81.86002
0.0008405149,5.882001e-06,82.40215
0.0007902086,5.631708e-06,82.94426
0.0007519424,6.272458e-06,83.48639
0.0007438958,5.923677e-06,84.0285
0.0007368028,6.373157e-06,84.57063
0.0008268654,5.675945e-06,85.11276
0.000854075,5.64754e-06,85.65486
0.0007804632,6.148242e-06,86.19701
0.000777483,5.980022e-06,86.73911
0.0007912517,6.145914e-06,87.28123
0.0008624494,5.787588e-06,87.82333
0.0007973611,6.069196e-06,88.36544
0.000767976,6.251619e-06,88.90756
0.0008544922,6.076531e-06,89.44969
0.0008040965,6.361399e-06,89.99182
0.0007793903,6.125076e-06,90.53393
0.0008670688,6.188988e-06,91.07605
0.0008788109,6.103306e-06,91.61819
0.0008745193,6.048358e-06,92.16031
0.0008326173,6.190152e-06,92.70241
0.0008804202,6.066984e-06,93.24452
0.0008871555,6.030547e-06,93.78663
0.0008524358,5.924259e-06,94.32876
0.0008883178,5.994341e-06,94.87088
0.0008906424,6.046845e-06,95.413
0.0008717179,6.006449e-06,95.9551
0.0008886755,6.087357e-06,96.49721
0.0009016991,6.026239e-06,97.03933
0.0009025335,6.062794e-06,97.58144
0.0009235442,6.042421e-06,98.12355
0.0009096265,5.977461e-06,98.66567
0.0009559393,6.008893e-06,99.20778
0.0009689927,6.139395e-06,99.74988
0.0009323955,8.316711e-07,100.292
0.0009373426,8.319039e-07,100.8341
0.000942111,8.328352e-07,101.3763
0.0009474754,8.329516e-07,101.9184
0.000952214,8.333009e-07,102.4605
0.000957191,8.335337e-07,103.0026
0.0009624064,8.337665e-07,103.5447
0.0009672344,8.342322e-07,104.0869
0.0009722412,8.34465e-07,104.629
0.0009770095,8.353963e-07,105.1711
0.0009820461,8.353963e-07,105.7133
0.0009871721,8.357456e-07,106.2554
0.0009918511,8.363277e-07,106.7975
0.0009972453,8.366769e-07,107.3396
0.001002222,8.365605e-07,107.8817
0.001006961,8.37259e-07,108.4239
0.001012325,8.378411e-07,108.966
0.001016945,8.385396e-07,109.5081
0.001021922,8.391216e-07,110.0502
0.001027286,8.402858e-07,110.5924
0.001032054,8.413335e-07,111.1345
0.001036912,8.433126e-07,111.6766
0.001042157,8.461066e-07,112.2187
0.001046896,8.48202e-07,112.7608
0.001051962,8.514617e-07,113.3029
0.001057327,8.521602e-07,113.845
0.001062065,8.535571e-07,114.3872
0.001067132,8.534407e-07,114.9293
0.001072019,8.549541e-07,115.4714
0.001076698,8.556526e-07,116.0135
0.001082122,8.5379e-07,116.5557
0.001087368,8.528586e-07,117.0978
0.001092285,8.547213e-07,117.6399
0.001096725,8.55187e-07,118.182
0.001101792,8.547213e-07,118.7241
0.00110653,8.575153e-07,119.2663
0.001111627,8.600764e-07,119.8084
0.001116812,8.582138e-07,120.3505
0.001121312,8.610077e-07,120.8926
0.001126558,8.572824e-07,121.4347
0.00113222,8.567004e-07,121.9768
0.001136661,8.572824e-07,122.519
0.001141667,8.567004e-07,123.0611
0.001146376,8.579809e-07,123.6032
0.001151711,8.593779e-07,124.1453
0.001156867,8.596107e-07,124.6874
0.001161277,8.601928e-07,125.2295
0.001166701,8.605421e-07,125.7716
0.001171619,8.610077e-07,126.3137
0.001176596,8.620555e-07,126.8559
0.001181543,8.607749e-07,127.398
0.00118646,8.565839e-07,127.9401
0.001191616,8.55187e-07,128.4822
0.001196772,8.5379e-07,129.0243
0.001201391,8.530915e-07,129.5665
0.00120604,8.528586e-07,130.1086
0.001211911,8.516945e-07,130.6507
0.001216441,8.519273e-07,131.1928
0.001221567,8.507632e-07,131.7349
0.001226872,8.505303e-07,132.2771
0.001231521,8.475035e-07,132.8192
0.001236558,8.464558e-07,133.3613
0.001241684,8.479692e-07,133.9035
0.001246393,8.456409e-07,134.4456
0.001251638,8.458737e-07,134.9877
0.001256227,8.457573e-07,135.5298
0.001261503,8.451752e-07,136.0719
0.001266718,8.458737e-07,136.614
0.001271486,8.461066e-07,137.1561
0.001276672,8.456409e-07,137.6982
0.001281917,8.456409e-07,138.2403
0.001286715,8.461066e-07,138.7824
0.001291782,8.463394e-07,139.3246
0.00129658,8.466886e-07,139.8667
0.001301676,8.463394e-07,140.4088
0.001306772,8.463394e-07,140.9509
0.001311123,8.465722e-07,141.4931
0.001316398,8.468051e-07,142.0352
0.001321077,8.472707e-07,142.5773
0.001326084,8.471543e-07,143.1195
0.00133121,8.478528e-07,143.6616
0.001336038,8.479692e-07,144.2037
0.001341194,8.483185e-07,144.7458
0.001345932,8.484349e-07,145.2879
0.001351148,8.486677e-07,145.8301
0.001356035,8.491334e-07,146.3722
0.001360804,8.49599e-07,146.9143
0.001366109,8.500647e-07,147.4565
0.001370907,8.502975e-07,147.9986
0.001376003,8.50996e-07,148.5407
0.001381189,8.514617e-07,149.0828
0.001385897,8.521602e-07,149.6249
0.001391053,8.520437e-07,150.167
0.001396298,8.526258e-07,150.7092
0.001400799,8.526258e-07,151.2513
0.001406193,8.530915e-07,151.7934
0.001410961,8.536736e-07,152.3355
0.001415968,8.536736e-07,152.8776
0.001420945,8.533243e-07,153.4198
0.001425803,8.535571e-07,153.9619
0.00143078,8.5379e-07,154.504
0.001435965,8.5379e-07,155.0461
0.001440853,8.547213e-07,155.5882
0.001445949,8.547213e-07,156.1304
0.001451194,8.547213e-07,156.6725
0.001455843,8.55187e-07,157.2146
0.001461148,8.55187e-07,157.7567
0.001466006,8.556526e-07,158.2988
0.001471072,8.55187e-07,158.8409
0.001476109,8.553034e-07,159.3831
0.001481026,8.556526e-07,159.9252
0.001485854,8.561183e-07,160.4673
0.001491249,8.558854e-07,161.0094
0.001496047,8.565839e-07,161.5515
0.001501143,8.561183e-07,162.0936
0.001506269,8.568168e-07,162.6358
0.00151059,8.565839e-07,163.1779
0.001515329,8.563511e-07,163.72
0.001520485,8.565839e-07,164.2621
0.001525581,8.561183e-07,164.8042
0.001530379,8.561183e-07,165.3463
0.001535565,8.560019e-07,165.8884
0.001540661,8.555362e-07,166.4306
0.001545429,8.55769e-07,166.9727
0.001550674,8.555362e-07,167.5148
0.001555413,8.556526e-07,168.0569
0.001560718,8.561183e-07,168.599
0.001565725,8.558854e-07,169.1411
0.001570463,8.560019e-07,169.6832
0.001575559,8.568168e-07,170.2254
0.001580864,8.565839e-07,170.7675
0.001585484,8.568168e-07,171.3096
0.001590639,8.569332e-07,171.8517
0.001595169,8.563511e-07,172.3938
0.001600325,8.565839e-07,172.9359
0.0016056,8.57166e-07,173.4781
0.001610249,8.577481e-07,174.0202
0.001615703,8.57166e-07,174.5623
0.001620561,8.579809e-07,175.1044
0.001625448,8.577481e-07,175.6465
0.001630545,8.579809e-07,176.1886
0.00163582,8.580973e-07,176.7307
0.001640648,8.584466e-07,177.2728
0.001645625,8.58563e-07,177.8149
0.001650602,8.584466e-07,178.357
0.001655608,8.589122e-07,178.8991
0.001660556,8.589122e-07,179.4413
0.001665473,8.591451e-07,179.9834
0.00167051,8.596107e-07,180.5255
0.001675546,8.598436e-07,181.0676
0.001680702,8.5996e-07,181.6097
0.001685411,8.600764e-07,182.1518
0.00169006,8.605421e-07,182.6939
0.001695454,8.607749e-07,183.236
0.001700431,8.610077e-07,183.7781
0.001705378,8.608913e-07,184.3203
0.001710206,8.614734e-07,184.8624
0.001714796,8.61939e-07,185.4045
0.001720101,8.61939e-07,185.9466
0.001725197,8.61939e-07,186.4888
0.001730055,8.624047e-07,187.0309
0.00173527,8.62754e-07,187.573
0.001740098,8.634524e-07,188.1152
0.001745045,8.631032e-07,188.6573
0.001750052,8.635689e-07,189.1994
0.001754969,8.642673e-07,189.7416
0.001760155,8.643838e-07,190.2837
0.0017654,8.642673e-07,190.8258
0.00176996,8.642673e-07,191.3679
0.001775026,8.650823e-07,191.9101
0.001779944,8.654315e-07,192.4522
0.00178498,8.656643e-07,192.9943
0.001790255,8.657807e-07,193.5364
0.001795173,8.657807e-07,194.0786
0.00180003,8.663628e-07,194.6207
0.001805305,8.663628e-07,195.1628
0.001810074,8.668285e-07,195.7049
0.001815379,8.67527e-07,196.2471
0.001819998,8.678762e-07,196.7892
0.001824945,8.679926e-07,197.3313
0.001830369,8.684583e-07,197.8734
0.001835167,8.685747e-07,198.4155
0.001840204,8.690404e-07,198.9576
0.001845241,8.691568e-07,199.4998
0.001850039,8.696225e-07,200.0419
0.001855135,8.698553e-07,200.584
0.001860291,8.700881e-07,201.1261
0.001865178,8.700881e-07,201.6682
0.001870006,8.710194e-07,202.2104
0.001874804,8.707866e-07,202.7525
0.001880139,8.712523e-07,203.2946
0.001885086,8.721836e-07,203.8367
0.001889974,8.724164e-07,204.3788
0.00189507,8.729985e-07,204.9209
0.001900256,8.725328e-07,205.463
0.001904964,8.733477e-07,206.0051
0.001909465,8.735806e-07,206.5472
0.001914471,8.738134e-07,207.0894
0.001919776,8.742791e-07,207.6315
0.001924396,8.745119e-07,208.1736
0.001929611,8.749776e-07,208.7157
0.001934648,8.754432e-07,209.2578
0.001939535,8.760253e-07,209.8
0.001944602,8.761417e-07,210.3421
0.001949161,8.763745e-07,210.8842
0.001954705,8.763745e-07,211.4263
0.001959622,8.77073e-07,211.9685
0.00196439,8.777715e-07,212.5106
0.001969486,8.7847e-07,213.0527
0.001974702,8.7847e-07,213.5948
0.00197947,8.789357e-07,214.1369
0.001984745,8.787028e-07,214.6791
0.001989782,8.79867e-07,215.2212
0.00199452,8.799834e-07,215.7633
0.001999617,8.805655e-07,216.3054
0.002004325,8.810312e-07,216.8476
0.0020096,8.819625e-07,217.3897
0.002014667,8.819625e-07,217.9318
0.002019495,8.831266e-07,218.4739
0.002024502,8.831266e-07,219.016
0.002029657,8.834759e-07,219.5582
0.002034277,8.842908e-07,220.1003
0.002039611,8.842908e-07,220.6424
0.00204441,8.853385e-07,221.1845
0.002049595,8.854549e-07,221.7266
0.002054602,8.861534e-07,222.2687
0.0020594,8.865027e-07,222.8108
0.002064586,8.867355e-07,223.3529
0.002069503,8.877832e-07,223.895
0.002074599,8.882489e-07,224.4372
0.002079725,8.882489e-07,224.9793
0.002084643,8.892966e-07,225.5214
0.002089411,8.896459e-07,226.0635
0.002094716,8.897623e-07,226.6056
0.002099365,8.9081e-07,227.1477
0.002104461,8.912757e-07,227.6898
0.002108902,8.919742e-07,228.232
0.002114058,8.919742e-07,228.7741
0.002118737,8.929055e-07,229.3162
0.002123892,8.934876e-07,229.8583
0.002129138,8.941861e-07,230.4005
0.002133816,8.952338e-07,230.9426
0.002139091,8.961651e-07,231.4847
0.002144128,8.967472e-07,232.0268
0.002148807,8.973293e-07,232.5689
0.002154052,8.97795e-07,233.1111
0.002159238,8.984935e-07,233.6532
0.002164006,8.993084e-07,234.1953
0.002169132,9.001233e-07,234.7374
0.002173901,9.009382e-07,235.2795
0.002178967,9.017531e-07,235.8216
0.002184272,9.024516e-07,236.3637
0.00218907,9.033829e-07,236.9058
0.002193987,9.040814e-07,237.448
0.002199024,9.050127e-07,237.9901
0.002204031,9.054784e-07,238.5322
0.002209097,9.066425e-07,239.0743
0.002214193,9.078067e-07,239.6164
0.002218932,9.085052e-07,240.1586
0.002223849,9.094365e-07,240.7007
0.002228856,9.106006e-07,241.2428
0.002234012,9.117648e-07,241.7849
0.002239048,9.122305e-07,242.327
0.002243936,9.132782e-07,242.8692
0.002249271,9.147916e-07,243.4113
0.002254009,9.157229e-07,243.9534
0.002259016,9.166542e-07,244.4955
0.002264082,9.180512e-07,245.0376
0.00226894,9.19099e-07,245.5797
0.002273887,9.203795e-07,246.1218
0.002278954,9.215437e-07,246.664
0.002283931,9.222422e-07,247.2061
0.002289027,9.236392e-07,247.7482
0.002294064,9.251526e-07,248.2903
0.002298862,9.262003e-07,248.8324
0.002303958,9.278301e-07,249.3746
0.002308428,9.287614e-07,249.9167
0.002313703,9.303913e-07,250.4588
0.002318263,9.315554e-07,251.0009
0.002323329,9.333016e-07,251.543
0.002328515,9.345822e-07,252.0851
0.002333671,9.36212e-07,252.6273
0.002338529,9.379582e-07,253.1694
0.002343416,9.391224e-07,253.7115
0.002348363,9.412179e-07,254.2536
0.002353579,9.424984e-07,254.7957
0.002358556,9.442447e-07,255.3379
0.002363443,9.458745e-07,255.88
0.002368718,9.478536e-07,256.4221
0.002373517,9.495998e-07,256.9642
0.002378583,9.515788e-07,257.5063
0.002383858,9.533251e-07,258.0485
0.002388418,9.556534e-07,258.5906
0.002393484,9.578653e-07,259.1327
0.002398431,9.599607e-07,259.6748
0.002403557,9.624055e-07,260.2169
0.002408653,9.641517e-07,260.759
0.002413183,9.667128e-07,261.3011
0.002418727,9.693904e-07,261.8432
0.002423644,9.716023e-07,262.3854
0.002428383,9.743962e-07,262.9275
0.002433628,9.775395e-07,263.4696
0.002438247,9.797513e-07,264.0117
0.002443463,9.827781e-07,264.5538
0.002448559,9.865034e-07,265.0959
0.002453327,9.890646e-07,265.6381
0.002458304,9.92557e-07,266.1802
0.002463758,9.95351e-07,266.7223
0.002468467,9.983778e-07,267.2644
0.002473325,1.00187e-06,267.8065
0.002478689,1.006061e-06,268.3486
0.002483398,1.010834e-06,268.8908
0.002488405,1.014327e-06,269.4329
0.002493143,1.017936e-06,269.975
0.002498269,1.023174e-06,270.5171
0.002503604,1.028064e-06,271.0593
0.002507895,1.032255e-06,271.6014
0.002513051,1.038192e-06,272.1435
0.002517939,1.042732e-06,272.6856
0.002523094,1.049018e-06,273.2277
0.002527863,1.055305e-06,273.7699
0.00253287,1.061358e-06,274.312
0.002538115,1.067878e-06,274.8541
0.002542883,1.075678e-06,275.3962
0.00254795,1.083943e-06,275.9383
0.002553046,1.091626e-06,276.4804
0.002557784,1.101638e-06,277.0225
0.002562881,1.11002e-06,277.5646
0.002567798,1.12073e-06,278.1068
0.002572834,1.13307e-06,278.6489
0.002577931,1.145643e-06,279.191
0.002582759,1.160312e-06,279.7331
0.002587795,1.178007e-06,280.2752
0.002592891,1.200009e-06,280.8173
0.00259769,1.227017e-06,281.3595
0.002603024,1.255423e-06,281.9016
0.002607942,1.293141e-06,282.4437
0.002612621,1.337379e-06,282.9858
0.002617925,1.395005e-06,283.5279
0.002622694,1.469743e-06,284.07
0.002627611,1.529581e-06,284.6121
0.002633095,1.64588e-06,285.1542
0.002638161,1.767534e-06,285.6963
0.002643019,1.881272e-06,286.2385
0.002648056,2.029003e-06,286.7806
0.002652913,2.190121e-06,287.3227
0.00265789,2.37627e-06,287.8648
0.002662808,2.595014e-06,288.4069
0.002667904,2.778368e-06,288.9491
0.002672851,3.062189e-06,289.4912
0.002677828,3.323075e-06,290.0333
0.002682954,3.664638e-06,290.5754
0.002688229,4.028436e-06,291.1176
0.002692521,4.496891e-06,291.6597
0.002698272,5.306676e-06,292.2018
0.002702624,6.128917e-06,292.7439
0.002707988,7.1947e-06,293.286
0.002712339,8.192146e-06,293.8281
0.002717018,9.460491e-06,294.3702
0.002723128,1.086597e-05,294.9123
0.002727658,1.205702e-05,295.4545
0.002731979,1.344329e-05,295.9966
0.002737701,1.489162e-05,296.5387
0.002742082,1.632562e-05,297.0808
0.002747238,1.773122e-05,297.6229
0.002751887,1.918187e-05,298.165
0.002757192,2.064335e-05,298.7072
0.002762198,2.215465e-05,299.2493
0.002767295,2.362533e-05,299.7914
0.002772182,2.511917e-05,300.3335
0.002777517,2.669555e-05,300.8756
0.002782345,2.80533e-05,301.4177
0.002787799,2.966484e-05,301.9599
0.002791971,3.100047e-05,302.502
0.002797514,3.24212e-05,303.0441
0.002802491,3.397127e-05,303.5862
0.002807438,3.525813e-05,304.1284
0.002812147,3.666128e-05,304.6705
0.002816945,3.79011e-05,305.2126
0.00282222,3.897969e-05,305.7547
0.002827287,4.013046e-05,306.2968
0.00283289,4.118984e-05,306.8389
0.002837598,4.095747e-05,307.3811
0.002841949,4.18881e-05,307.9232
0.00284943,4.273118e-05,308.4653
0.002852291,4.253117e-05,309.0074
0.002857178,4.348252e-05,309.5495
0.002862126,4.307949e-05,310.0917
0.002867311,4.409405e-05,310.6338
0.00287348,4.467636e-05,311.1759
0.002877027,4.432269e-05,311.718
0.002882421,4.513597e-05,312.2602
0.00288704,4.460569e-05,312.8023
0.002891719,4.533632e-05,313.3444
0.002901852,4.531967e-05,313.8865
0.002902329,4.560384e-05,314.4286
0.002906919,4.608859e-05,314.9707
0.002911657,4.560268e-05,315.5128
0.00291723,4.615507e-05,316.0549
0.0029248,4.56681e-05,316.5971
0.002927035,4.62333e-05,317.1392
0.002931982,4.577776e-05,317.6813
0.002933681,4.60759e-05,318.2234
0.002937078,4.573644e-05,318.7656
0.002945036,4.577381e-05,319.3077
0.002944708,4.587939e-05,319.8498
0.002954572,4.565658e-05,320.3919
0.002960473,4.583329e-05,320.934
0.00296545,4.573353e-05,321.4762
0.002975732,4.581187e-05,322.0183
0.002976745,4.576973e-05,322.5604
0.00297749,4.583888e-05,323.1025
0.002981514,4.575343e-05,323.6446
0.002994239,4.578463e-05,324.1867
0.002996713,4.582864e-05,324.7289
0.003005445,4.582049e-05,325.271
0.00300619,4.5817e-05,325.8131
0.003010899,4.580303e-05,326.3552
0.003022224,4.584005e-05,326.8973
0.003020167,4.585437e-05,327.4394
0.003027707,4.587253e-05,327.9815
0.003033906,4.588871e-05,328.5237
0.003032982,4.586123e-05,329.0657
0.003043592,4.590326e-05,329.6079
0.003047347,4.594319e-05,330.15
0.003051817,4.592468e-05,330.6921
0.003053308,4.592398e-05,331.2342
0.003062576,4.592817e-05,331.7763
0.003071457,4.599732e-05,332.3184
0.003073037,4.596566e-05,332.8606
0.003081381,4.598533e-05,333.4027
0.003080964,4.56454e-05,333.9448
0.003086805,4.564691e-05,334.4869
0.00309211,4.554319e-05,335.029
0.003101915,4.553667e-05,335.5711
0.00310564,4.556356e-05,336.1133
0.003102154,4.535401e-05,336.6554
0.003112435,4.530745e-05,337.1975
0.003117323,4.535879e-05,337.7396
0.003120333,4.535285e-05,338.2817
0.003130168,4.534726e-05,338.8238
0.003131419,4.53532e-05,339.3659
0.003136188,4.537485e-05,339.9081
0.003141463,4.53128e-05,340.4502
0.003146261,4.534144e-05,340.9923
0.003151298,4.524365e-05,341.5344
0.003154069,4.523178e-05,342.0765
0.003155202,4.514377e-05,342.6186
0.003165841,4.50568e-05,343.1607
0.003170878,4.50277e-05,343.7028
0.003176183,4.501268e-05,344.245
0.003181249,4.502258e-05,344.7871
0.003186584,4.470802e-05,345.3292
0.003191262,4.473014e-05,345.8713
0.003196359,4.476216e-05,346.4134
0.003201038,4.478858e-05,346.9555
0.003206402,4.482281e-05,347.4976
0.003211647,4.486251e-05,348.0397
0.003216565,4.488812e-05,348.5819
0.003221482,4.4927e-05,349.124
0.003226519,4.496239e-05,349.6661
0.003231406,4.499487e-05,350.2082
0.003236473,4.503934e-05,350.7503
0.003241301,4.507613e-05,351.2924
0.003246397,4.511385e-05,351.8345
0.003251553,4.515797e-05,352.3767
0.003256381,4.519569e-05,352.9188
0.003261209,4.523457e-05,353.4609
0.003266454,4.528323e-05,354.003
0.003271252,4.532759e-05,354.5451
0.003276408,4.536565e-05,355.0873
0.003281444,4.54156e-05,355.6294
0.003286451,4.545634e-05,356.1715
0.003291488,4.550046e-05,356.7136
0.003296286,4.555436e-05,357.2557
0.003300995,4.559732e-05,357.7978
0.003305823,4.564109e-05,358.34
0.003310978,4.569488e-05,358.8821
0.003315806,4.573865e-05,359.4242
0.003320783,4.579325e-05,359.9663
0.003326029,4.585017e-05,360.5084
0.003330797,4.589045e-05,361.0506
0.003335774,4.594144e-05,361.5927
0.00334096,4.599686e-05,362.1348
0.003345788,4.604633e-05,362.6769
0.003350794,4.609348e-05,363.219
0.00335604,4.615181e-05,363.7612
0.003360778,4.62021e-05,364.3033
0.003365815,4.625914e-05,364.8454
0.003370643,4.630792e-05,365.3875
0.003375888,4.636799e-05,365.9296
0.003380954,4.642666e-05,366.4717
0.003385842,4.647986e-05,367.0139
0.003391027,4.653679e-05,367.556
0.003396124,4.659395e-05,368.0981
0.003400713,4.664599e-05,368.6402
0.003405958,4.670466e-05,369.1824
0.003410935,4.676485e-05,369.7245
0.003415763,4.682271e-05,370.2666
0.00342083,4.687475e-05,370.8087
0.003425807,4.693796e-05,371.3508
0.003430873,4.699791e-05,371.893
0.00343585,4.705961e-05,372.4351
0.003440917,4.710571e-05,372.9772
0.003445864,4.717684e-05,373.5193
0.00345102,4.722865e-05,374.0614
0.003455758,4.728802e-05,374.6036
0.003460914,4.7351e-05,375.1457
0.003465652,4.740711e-05,375.6878
0.003470927,4.747207e-05,376.2299
0.003476053,4.753307e-05,376.772
0.003480732,4.759186e-05,377.3141
0.003486007,4.765333e-05,377.8562
0.003490984,4.77127e-05,378.3984
0.003495783,4.7785e-05,378.9405
0.003500313,4.78297e-05,379.4826
0.003505349,4.789408e-05,380.0247
0.003510594,4.795485e-05,380.5668
0.003515333,4.801515e-05,381.1089
0.003520489,4.807848e-05,381.6511
0.003525555,4.814658e-05,382.1932
0.003530294,4.820887e-05,382.7353
0.00353539,4.827429e-05,383.2774
0.003540218,4.833576e-05,383.8195
0.003545225,4.839909e-05,384.3616
0.003550738,4.845613e-05,384.9038
0.003555387,4.852307e-05,385.4459
0.003560573,4.859176e-05,385.988
0.003565669,4.865229e-05,386.5302
0.003570288,4.871911e-05,387.0723
0.003575474,4.878489e-05,387.6144
0.00358057,4.885392e-05,388.1565
0.003585458,4.891609e-05,388.6986
0.003590554,4.898093e-05,389.2408
0.003595382,4.905032e-05,389.7829
0.003600478,4.910759e-05,390.325
0.003605634,4.918268e-05,390.8671
0.003610402,4.924112e-05,391.4092
0.00361529,4.931353e-05,391.9513
0.003620595,4.937022e-05,392.4935
0.003625393,4.944159e-05,393.0356
0.003630459,4.950271e-05,393.5777
0.003635734,4.957151e-05,394.1198
0.003640503,4.963484e-05,394.6619
0.003645509,4.970352e-05,395.204
0.003650367,4.976767e-05,395.7462
0.003655434,4.983379e-05,396.2883
0.003660589,4.990306e-05,396.8304
0.003665179,4.996511e-05,397.3725
0.003670692,5.004089e-05,397.9146
0.003675699,5.01069e-05,398.4567
0.003680348,5.017244e-05,398.9988
0.003685504,5.023752e-05,399.5409
0.003690362,5.031063e-05,400.0831
0.003695369,5.037512e-05,400.6252
0.003699929,5.04324e-05,401.1673
0.003704756,5.049899e-05,401.7094
0.003710121,5.057675e-05,402.2515
0.003714859,5.06381e-05,402.7936
0.003720075,5.070434e-05,403.3357
0.003724813,5.077291e-05,403.8779
0.00372991,5.084125e-05,404.42
0.003735185,5.09097e-05,404.9621
0.003739774,5.098211e-05,405.5042
0.0037449,5.104067e-05,406.0463
0.003750026,5.111634e-05,406.5884
0.003754824,5.118141e-05,407.1305
0.00376007,5.12501e-05,407.6727
0.003764749,5.131436e-05,408.2148
0.003769815,5.138619e-05,408.7569
0.003774971,5.145103e-05,409.299
0.003779918,5.152577e-05,409.8411
0.003784835,5.158863e-05,410.3833
0.003790081,5.166011e-05,410.9254
0.003794968,5.172926e-05,411.4675
0.003799826,5.179597e-05,412.0096
0.003805071,5.186826e-05,412.5518
0.003809839,5.193311e-05,413.0939
0.003815114,5.200633e-05,413.636
0.003819734,5.207211e-05,414.1781
0.003824979,5.214463e-05,414.7202
0.003829956,5.221204e-05,415.2624
0.003834993,5.228049e-05,415.8045
0.003840029,5.235104e-05,416.3466
0.003845125,5.24252e-05,416.8887
0.003849715,5.248783e-05,417.4308
0.00385505,5.256047e-05,417.9729
0.003860027,5.262054e-05,418.515
0.003864855,5.27011e-05,419.0572
0.003869981,5.277235e-05,419.5993
0.00387463,5.283626e-05,420.1414
0.003879696,5.290285e-05,420.6835
0.003884941,5.298259e-05,421.2256
0.003889769,5.304534e-05,421.7678
0.003894925,5.311787e-05,422.3099
0.003899246,5.318783e-05,422.852
0.003904372,5.325559e-05,423.3941
0.00390929,5.332299e-05,423.9362
0.003914356,5.33968e-05,424.4783
0.003919452,5.346711e-05,425.0204
0.003924191,5.353766e-05,425.5625
0.003929436,5.360623e-05,426.1047
0.003934532,5.368248e-05,426.6468
0.003939211,5.374942e-05,427.1889
0.003944308,5.381787e-05,427.731
0.003949374,5.388539e-05,428.2731
0.003954381,5.395641e-05,428.8153
0.003959328,5.403382e-05,429.3574
0.003964216,5.409785e-05,429.8995
0.003969103,5.416607e-05,430.4416
0.003974438,5.424302e-05,430.9837
0.003979176,5.430984e-05,431.5259
0.003984213,5.438086e-05,432.068
0.00398919,5.444989e-05,432.6101
0.003994346,5.45251e-05,433.1522
0.003999352,5.460007e-05,433.6943
