voltage [V],current [A],time [s]
-0.002705246,-5.999939e-05,0.0
-0.002705157,-5.989852e-05,0.1410893
-0.002705127,-5.979913e-05,0.2821355
-0.002704799,-5.96998e-05,0.423172
-0.002704412,-5.959893e-05,0.5642279
-0.00270471,-5.949957e-05,0.705274
-0.002704412,-5.939858e-05,0.8463359
-0.002704412,-5.929919e-05,0.9873882
-0.002704501,-5.920004e-05,1.128426
-0.00270468,-5.909901e-05,1.269471
-0.002704591,-5.899981e-05,1.410495
-0.002704322,-5.889867e-05,1.551544
-0.002704233,-5.879934e-05,1.692591
-0.002704352,-5.869854e-05,1.833659
-0.002703547,-5.859931e-05,1.974714
-0.002704412,-5.849986e-05,2.115772
-0.002703756,-5.839887e-05,2.256831
-0.002704412,-5.829972e-05,2.397898
-0.002703637,-5.819868e-05,2.53895
-0.002704263,-5.809939e-05,2.680002
-0.002704263,-5.79984e-05,2.821072
-0.002703786,-5.789932e-05,2.962118
-0.002703547,-5.779999e-05,3.10318
-0.002703369,-5.769884e-05,3.244238
-0.00270319,-5.759941e-05,3.385296
-0.002703875,-5.749833e-05,3.526359
-0.002703428,-5.739905e-05,3.667408
-0.002703369,-5.729997e-05,3.808454
-0.002703547,-5.719889e-05,3.949513
-0.002702415,-5.70995e-05,4.090544
-0.002702981,-5.699866e-05,4.231587
-0.002702624,-5.689939e-05,4.372634
-0.002702743,-5.679835e-05,4.513689
-0.002703071,-5.669892e-05,4.654727
-0.002702594,-5.659994e-05,4.795772
-0.00270313,-5.649887e-05,4.936822
-0.002702892,-5.639963e-05,5.077866
-0.002701849,-5.62986e-05,5.218904
-0.002702147,-5.619928e-05,5.359948
-0.002702564,-5.610003e-05,5.501009
-0.002702355,-5.599907e-05,5.642038
-0.002702475,-5.589971e-05,5.783084
-0.002702057,-5.579861e-05,5.924133
-0.002701581,-5.569936e-05,6.065178
-0.002701938,-5.559844e-05,6.206207
-0.002701938,-5.549914e-05,6.347256
-0.002701759,-5.539974e-05,6.488296
-0.002701432,-5.529892e-05,6.629363
-0.002701491,-5.519977e-05,6.770404
-0.002701819,-5.50987e-05,6.911448
-0.0027017,-5.499925e-05,7.052493
-0.002701908,-5.48985e-05,7.193521
-0.002702028,-5.479918e-05,7.334559
-0.002701193,-5.469982e-05,7.47562
-0.002700955,-5.459879e-05,7.616683
-0.002700984,-5.449966e-05,7.757732
-0.002700567,-5.439871e-05,7.898789
-0.002700955,-5.429938e-05,8.039846
-0.002700895,-5.420018e-05,8.180898
-0.002700567,-5.4099e-05,8.32194
-0.002700984,-5.399983e-05,8.463002
-0.002700478,-5.389877e-05,8.604056
-0.002701133,-5.379974e-05,8.745119
-0.00270015,-5.369858e-05,8.886169
-0.002700478,-5.359948e-05,9.027231
-0.002700776,-5.350023e-05,9.168282
-0.002700329,-5.33992e-05,9.309336
-0.002700329,-5.329972e-05,9.450393
-0.002700567,-5.319866e-05,9.591457
-0.002700299,-5.309965e-05,9.7325
-0.002700001,-5.30002e-05,9.873554
-0.002699941,-5.289922e-05,10.01462
-0.00270021,-5.280004e-05,10.15566
-0.002699643,-5.269914e-05,10.2967
-0.002699614,-5.259975e-05,10.43774
-0.002700061,-5.24986e-05,10.5788
-0.002700061,-5.239939e-05,10.71983
-0.002700031,-5.230011e-05,10.86088
-0.002699435,-5.21991e-05,11.00192
-0.00270012,-5.210003e-05,11.14295
-0.002699077,-5.199884e-05,11.28398
-0.002699435,-5.189948e-05,11.42502
-0.002699256,-5.17986e-05,11.56606
-0.002699256,-5.169951e-05,11.70709
-0.00269869,-5.159996e-05,11.84812
-0.002698958,-5.149897e-05,11.98916
-0.002699226,-5.139993e-05,12.13022
-0.002699137,-5.129885e-05,12.27125
-0.002698869,-5.119949e-05,12.41229
-0.0026986,-5.11002e-05,12.55333
-0.002699018,-5.099949e-05,12.69436
-0.002698928,-5.090001e-05,12.8354
-0.002698451,-5.079883e-05,12.97643
-0.002697945,-5.069954e-05,13.11749
-0.002698183,-5.059846e-05,13.25856
-0.00269863,-5.049923e-05,13.39959
-0.002698064,-5.039999e-05,13.54066
-0.002697974,-5.029907e-05,13.68171
-0.002698123,-5.01996e-05,13.82278
-0.002698153,-5.009877e-05,13.96384
-0.002698332,-4.999962e-05,14.1049
-0.002698004,-4.990012e-05,14.24597
-0.002697825,-4.979905e-05,14.38703
-0.002697557,-4.970003e-05,14.52809
-0.002697885,-4.959907e-05,14.66915
-0.002697885,-4.949968e-05,14.81021
-0.002697468,-4.939866e-05,14.95125
-0.002697408,-4.929968e-05,15.09231
-0.002697319,-4.920017e-05,15.23336
-0.002696723,-4.909925e-05,15.3744
-0.002697498,-4.899973e-05,15.51545
-0.002697021,-4.889879e-05,15.6565
-0.002696902,-4.87995e-05,15.79755
-0.002696842,-4.869854e-05,15.93861
-0.002696604,-4.859931e-05,16.07965
-0.002696902,-4.84999e-05,16.22071
-0.002696753,-4.839907e-05,16.36176
-0.002697021,-4.829979e-05,16.50281
-0.002696604,-4.81989e-05,16.64386
-0.002696306,-4.809936e-05,16.78491
-0.002696782,-4.800031e-05,16.92596
-0.002696544,-4.789935e-05,17.06701
-0.002696037,-4.779991e-05,17.20806
-0.002695829,-4.769889e-05,17.34909
-0.002696097,-4.759965e-05,17.49013
-0.002695709,-4.749891e-05,17.63117
-0.002696395,-4.739944e-05,17.77221
-0.002695948,-4.730017e-05,17.91324
-0.002695799,-4.71992e-05,18.05428
-0.002695411,-4.709992e-05,18.19531
-0.002695829,-4.699889e-05,18.33636
-0.002695799,-4.689978e-05,18.47739
-0.002695292,-4.679877e-05,18.61845
-0.002695203,-4.66995e-05,18.75951
-0.002695709,-4.660028e-05,18.90054
-0.002695322,-4.649938e-05,19.04159
-0.002694964,-4.639983e-05,19.18264
-0.002695143,-4.629882e-05,19.3237
-0.002695054,-4.61997e-05,19.46475
-0.002694845,-4.610038e-05,19.60581
-0.002694666,-4.599938e-05,19.74685
-0.002694398,-4.59001e-05,19.88792
-0.002694696,-4.579932e-05,20.02897
-0.002695143,-4.56999e-05,20.17004
-0.002694368,-4.559873e-05,20.31108
-0.002694637,-4.549944e-05,20.45216
-0.00269416,-4.540027e-05,20.5932
-0.002694339,-4.529921e-05,20.73425
-0.002694607,-4.520008e-05,20.87531
-0.002694041,-4.509908e-05,21.01634
-0.002693981,-4.499969e-05,21.15739
-0.00269407,-4.490059e-05,21.29844
-0.002693921,-4.47996e-05,21.4395
-0.002693862,-4.470014e-05,21.58054
-0.002694011,-4.45991e-05,21.72158
-0.002693355,-4.449998e-05,21.86263
-0.002693444,-4.439903e-05,22.00369
-0.002693444,-4.429962e-05,22.14472
-0.002693295,-4.420041e-05,22.28577
-0.002693474,-4.409954e-05,22.42681
-0.002693206,-4.400015e-05,22.56785
-0.002693146,-4.389892e-05,22.70887
-0.002693027,-4.379959e-05,22.84991
-0.002693117,-4.369883e-05,22.99096
-0.002692819,-4.359933e-05,23.13201
-0.002692908,-4.350014e-05,23.27306
-0.002692789,-4.339915e-05,23.41411
-0.002692491,-4.329979e-05,23.55515
-0.002693146,-4.319892e-05,23.69619
-0.002692819,-4.309967e-05,23.83723
-0.00269267,-4.300036e-05,23.97828
-0.002692252,-4.289921e-05,24.11936
-0.00269258,-4.280015e-05,24.2604
-0.002691984,-4.26991e-05,24.40146
-0.002692103,-4.25998e-05,24.54251
-0.002692461,-4.249875e-05,24.68356
-0.002691835,-4.23997e-05,24.82461
-0.002691656,-4.230044e-05,24.96568
-0.002691656,-4.219935e-05,25.10674
-0.002691835,-4.209987e-05,25.24779
-0.002691478,-4.199886e-05,25.38883
-0.002691865,-4.189966e-05,25.52989
-0.002691686,-4.180038e-05,25.67095
-0.002691209,-4.169946e-05,25.81199
-0.002691597,-4.160016e-05,25.95305
-0.002691031,-4.14992e-05,26.0941
-0.002691239,-4.139998e-05,26.23514
-0.00269112,-4.129889e-05,26.37619
-0.00269106,-4.119953e-05,26.51724
-0.00269106,-4.11004e-05,26.6583
-0.002690792,-4.099937e-05,26.79935
-0.002690881,-4.090021e-05,26.9404
-0.002690554,-4.079902e-05,27.08145
-0.002690583,-4.06998e-05,27.22251
-0.002690792,-4.059893e-05,27.36357
-0.002690494,-4.049961e-05,27.50461
-0.002690494,-4.040025e-05,27.64566
-0.002690554,-4.029923e-05,27.78672
-0.002690226,-4.02001e-05,27.92776
-0.002689898,-4.009898e-05,28.0688
-0.002690226,-3.999982e-05,28.20983
-0.002690256,-3.990039e-05,28.35087
-0.002690166,-3.979962e-05,28.49191
-0.002689928,-3.970033e-05,28.63297
-0.0026896,-3.959938e-05,28.77399
-0.002689719,-3.950004e-05,28.91502
-0.002689332,-3.939895e-05,29.05608
-0.002689928,-3.929983e-05,29.19713
-0.002690166,-3.920046e-05,29.33817
-0.00268954,-3.909948e-05,29.47921
-0.002689838,-3.900017e-05,29.62024
-0.002689004,-3.889935e-05,29.76129
-0.002689689,-3.880008e-05,29.90233
-0.002688706,-3.870053e-05,30.04338
-0.002688617,-3.859952e-05,30.18444
-0.002689093,-3.850029e-05,30.32549
-0.002689004,-3.839933e-05,30.46655
-0.002688706,-3.830013e-05,30.60761
-0.002688795,-3.819907e-05,30.74867
-0.002689123,-3.810004e-05,30.88973
-0.002688199,-3.800064e-05,31.03079
-0.00268814,-3.789966e-05,31.17184
-0.002687901,-3.780017e-05,31.3129
-0.002687752,-3.769922e-05,31.45394
-0.002688557,-3.760002e-05,31.595
-0.002687812,-3.749906e-05,31.73604
-0.002688527,-3.739983e-05,31.87709
-0.002687901,-3.73004e-05,32.01813
-0.002688229,-3.719963e-05,32.15919
-0.002687901,-3.710024e-05,32.30024
-0.002687603,-3.699897e-05,32.44128
-0.002687663,-3.689961e-05,32.58232
-0.002687991,-3.680051e-05,32.72337
-0.002687603,-3.669952e-05,32.86442
-0.002687067,-3.660018e-05,33.00547
-0.002687335,-3.649919e-05,33.14652
-0.002687037,-3.639983e-05,33.28756
-0.002687186,-3.629901e-05,33.42861
-0.002687097,-3.619974e-05,33.56966
-0.002687156,-3.610033e-05,33.7107
-0.00268653,-3.599942e-05,33.85175
-0.002686709,-3.590017e-05,33.99279
-0.002686381,-3.57992e-05,34.13383
-0.002686262,-3.569989e-05,34.2749
-0.002686381,-3.560058e-05,34.41592
-0.002686262,-3.549972e-05,34.55698
-0.002686173,-3.540042e-05,34.69803
-0.002686292,-3.52994e-05,34.83909
-0.002686113,-3.519992e-05,34.98016
-0.002686441,-3.509893e-05,35.12119
-0.002685785,-3.499973e-05,35.26225
-0.002686113,-3.490043e-05,35.40331
-0.002685577,-3.479948e-05,35.54435
-0.002686024,-3.470012e-05,35.68541
-0.002685487,-3.459936e-05,35.82646
-0.002685338,-3.449997e-05,35.96752
-0.002685457,-3.439894e-05,36.10857
-0.002685666,-3.429953e-05,36.24961
-0.00268504,-3.420041e-05,36.39066
-0.002685308,-3.409946e-05,36.53172
-0.002684772,-3.400019e-05,36.67277
-0.002684921,-3.389921e-05,36.81382
-0.002684981,-3.379979e-05,36.95488
-0.002684504,-3.370061e-05,37.09592
-0.002684563,-3.359962e-05,37.23697
-0.002684891,-3.35003e-05,37.37802
-0.002684563,-3.339931e-05,37.51908
-0.002684176,-3.330018e-05,37.66013
-0.002684176,-3.319916e-05,37.80117
-0.002684414,-3.309984e-05,37.94222
-0.002683848,-3.300048e-05,38.08325
-0.00268364,-3.289967e-05,38.22429
-0.002683878,-3.280037e-05,38.36533
-0.002683789,-3.269943e-05,38.50639
-0.002684116,-3.260004e-05,38.64743
-0.00268355,-3.249929e-05,38.78847
-0.002683312,-3.239985e-05,38.92951
-0.00268361,-3.230055e-05,39.07054
-0.002683759,-3.219953e-05,39.21157
-0.002683401,-3.210026e-05,39.35261
-0.002683222,-3.199941e-05,39.49368
-0.002683133,-3.190008e-05,39.63473
-0.002682716,-3.180066e-05,39.77578
-0.002683163,-3.169959e-05,39.91684
-0.002683133,-3.160043e-05,40.05791
-0.002682984,-3.149942e-05,40.19895
-0.002682745,-3.140018e-05,40.34001
-0.002682924,-3.129912e-05,40.48107
-0.002682716,-3.120003e-05,40.62213
-0.002682716,-3.110073e-05,40.76319
-0.002681911,-3.099968e-05,40.90424
-0.002682745,-3.090028e-05,41.04531
-0.002682507,-3.079929e-05,41.18638
-0.002682328,-3.070012e-05,41.32743
-0.00268203,-3.060079e-05,41.46848
-0.002682269,-3.049984e-05,41.60953
-0.00268203,-3.040051e-05,41.75057
-0.002681911,-3.029965e-05,41.89162
-0.002681464,-3.020032e-05,42.03267
-0.002681673,-3.009902e-05,42.17373
-0.002681851,-2.999966e-05,42.31476
-0.002681434,-2.990053e-05,42.45581
-0.002681911,-2.979957e-05,42.59686
-0.002681524,-2.970026e-05,42.7379
-0.002680957,-2.959924e-05,42.87893
-0.002681226,-2.94999e-05,43.01998
-0.002681047,-2.939907e-05,43.16103
-0.00268048,-2.929982e-05,43.30206
-0.002680808,-2.920043e-05,43.44309
-0.002680421,-2.909941e-05,43.58413
-0.002680719,-2.900024e-05,43.72518
-0.002680302,-2.889917e-05,43.86621
-0.002680033,-2.879991e-05,44.00727
-0.002680123,-2.87006e-05,44.14834
-0.002680093,-2.859972e-05,44.28939
-0.002680302,-2.850045e-05,44.43043
-0.002679974,-2.83993e-05,44.57149
-0.002680004,-2.829997e-05,44.71255
-0.002679169,-2.819891e-05,44.85361
-0.002679735,-2.809976e-05,44.99466
-0.002679259,-2.800049e-05,45.13572
-0.002679497,-2.789953e-05,45.27679
-0.002679527,-2.780018e-05,45.41784
-0.002679527,-2.769934e-05,45.55889
-0.00267902,-2.759999e-05,45.69994
-0.002678871,-2.750057e-05,45.84097
-0.002678692,-2.739958e-05,45.98201
-0.002679169,-2.730047e-05,46.12306
-0.00267911,-2.719942e-05,46.26412
-0.002678961,-2.710019e-05,46.40515
-0.002678454,-2.699919e-05,46.54619
-0.002678007,-2.689984e-05,46.68725
-0.002677858,-2.680063e-05,46.8283
-0.002678216,-2.669961e-05,46.96933
-0.002678037,-2.660036e-05,47.11039
-0.002677411,-2.649933e-05,47.25144
-0.002678126,-2.64002e-05,47.39248
-0.002678156,-2.629918e-05,47.53353
-0.002677888,-2.619997e-05,47.67457
-0.002677798,-2.610056e-05,47.81563
-0.002677113,-2.599973e-05,47.95668
-0.002677798,-2.590047e-05,48.09773
-0.002677321,-2.579945e-05,48.23877
-0.002677232,-2.570012e-05,48.37982
-0.002677113,-2.560101e-05,48.52087
-0.002676368,-2.549995e-05,48.66192
-0.002676547,-2.540062e-05,48.80298
-0.002676547,-2.529963e-05,48.94402
-0.002676696,-2.520034e-05,49.08508
-0.002676189,-2.509948e-05,49.22613
-0.002676666,-2.500018e-05,49.36717
-0.002676278,-2.490074e-05,49.50822
-0.002675951,-2.479964e-05,49.64926
-0.002676219,-2.470046e-05,49.79031
-0.002675593,-2.459949e-05,49.93137
-0.0026761,-2.450024e-05,50.07242
-0.002675891,-2.440091e-05,50.21347
-0.002675802,-2.430011e-05,50.35452
-0.002675414,-2.420077e-05,50.49557
-0.002676159,-2.409981e-05,50.63662
-0.002675623,-2.400033e-05,50.77768
-0.002675414,-2.389932e-05,50.91874
-0.002675235,-2.380021e-05,51.05978
-0.00267452,-2.370085e-05,51.20082
-0.002674937,-2.35999e-05,51.34187
-0.002675056,-2.35006e-05,51.48292
-0.002674907,-2.339965e-05,51.62395
-0.002674252,-2.330037e-05,51.76499
-0.002674103,-2.319903e-05,51.90605
-0.002675056,-2.309971e-05,52.04712
-0.002674848,-2.300058e-05,52.18816
-0.002674371,-2.289956e-05,52.32919
-0.002673984,-2.280036e-05,52.47025
-0.002674013,-2.269929e-05,52.61132
-0.002674013,-2.259995e-05,52.75236
-0.002673894,-2.25008e-05,52.89343
-0.002673626,-2.239985e-05,53.03449
-0.002673715,-2.230045e-05,53.17555
-0.002673626,-2.219946e-05,53.31659
-0.002672851,-2.210033e-05,53.45765
-0.002673477,-2.199927e-05,53.59871
-0.002673119,-2.189998e-05,53.73975
-0.002672434,-2.180062e-05,53.88081
-0.002672821,-2.169982e-05,54.02187
-0.002673,-2.160048e-05,54.16293
-0.002672285,-2.149928e-05,54.30396
-0.002672613,-2.140002e-05,54.44501
-0.002672493,-2.129898e-05,54.58608
-0.002672762,-2.119975e-05,54.72711
-0.002672553,-2.110054e-05,54.86816
-0.002672374,-2.099955e-05,55.00922
-0.002671868,-2.09002e-05,55.15027
-0.002671838,-2.079939e-05,55.29131
-0.002671748,-2.070007e-05,55.43235
-0.00267154,-2.060061e-05,55.5734
-0.00267145,-2.049957e-05,55.71444
-0.002671778,-2.040045e-05,55.85547
-0.002671033,-2.029949e-05,55.99653
-0.002671182,-2.020017e-05,56.13757
-0.002670974,-2.009916e-05,56.27863
-0.002671272,-1.999998e-05,56.41966
-0.002670825,-1.990057e-05,56.56072
-0.002670825,-1.979954e-05,56.70178
-0.002670377,-1.970041e-05,56.84282
-0.00267005,-1.959942e-05,56.98387
-0.002670139,-1.950029e-05,57.12494
-0.002669901,-1.940096e-05,57.26599
-0.002670079,-1.930005e-05,57.40705
-0.00266993,-1.920066e-05,57.54811
-0.002669752,-1.909978e-05,57.68914
-0.002669573,-1.900051e-05,57.83019
-0.002669305,-1.889947e-05,57.97125
-0.002669007,-1.880016e-05,58.11231
-0.002669096,-1.870103e-05,58.25334
-0.002668798,-1.860003e-05,58.39438
-0.002668768,-1.850062e-05,58.53542
-0.002668709,-1.839967e-05,58.67648
-0.002668321,-1.830039e-05,58.81751
-0.00266853,-1.819951e-05,58.95854
-0.00266853,-1.810017e-05,59.09959
-0.002667755,-1.800072e-05,59.24064
-0.002668083,-1.78997e-05,59.38169
-0.00266847,-1.780051e-05,59.52273
-0.002667814,-1.769949e-05,59.66379
-0.002667964,-1.760025e-05,59.80484
-0.002667576,-1.750096e-05,59.94589
-0.002667516,-1.740009e-05,60.08695
-0.002667606,-1.730074e-05,60.22801
-0.002666682,-1.719971e-05,60.36905
-0.002667427,-1.710035e-05,60.5101
-0.002667338,-1.699931e-05,60.65116
-0.002666295,-1.690019e-05,60.79219
-0.002666682,-1.68009e-05,60.93325
-0.002666354,-1.669991e-05,61.0743
-0.002666742,-1.660058e-05,61.21535
-0.002666116,-1.649972e-05,61.35639
-0.002666205,-1.640031e-05,61.49744
-0.002665967,-1.630069e-05,61.63849
-0.00266552,-1.61997e-05,61.77953
-0.002665728,-1.61006e-05,61.92056
-0.002665848,-1.599954e-05,62.06159
-0.002664804,-1.590032e-05,62.20266
-0.002664655,-1.579933e-05,62.34371
-0.002664596,-1.569993e-05,62.48476
-0.002665162,-1.56008e-05,62.62579
-0.002664775,-1.549977e-05,62.76685
-0.002663851,-1.540045e-05,62.90791
-0.002664059,-1.529946e-05,63.04895
-0.00266394,-1.520029e-05,63.19
-0.00266397,-1.509927e-05,63.33105
-0.002663046,-1.499994e-05,63.47208
-0.002663404,-1.490064e-05,63.61313
-0.002663165,-1.479978e-05,63.75418
-0.002663612,-1.470042e-05,63.89523
-0.002663106,-1.459925e-05,64.03629
-0.002662599,-1.449992e-05,64.17733
-0.002662271,-1.440084e-05,64.31838
-0.00266248,-1.429973e-05,64.45943
-0.002662271,-1.420044e-05,64.60047
-0.002662659,-1.409948e-05,64.7415
-0.002661854,-1.400018e-05,64.88256
-0.002662033,-1.389931e-05,65.02361
-0.002661675,-1.379995e-05,65.16467
-0.002661258,-1.37006e-05,65.30572
-0.00266093,-1.359954e-05,65.44678
-0.002661288,-1.350042e-05,65.58783
-0.002660781,-1.339939e-05,65.72887
-0.002660573,-1.330006e-05,65.86992
-0.002660304,-1.320073e-05,66.01098
-0.002659768,-1.309987e-05,66.15202
-0.002659857,-1.300055e-05,66.29306
-0.002659589,-1.289937e-05,66.4341
-0.00265944,-1.280021e-05,66.57513
-0.002659619,-1.269924e-05,66.71616
-0.002658576,-1.260011e-05,66.85721
-0.002658963,-1.250076e-05,66.99828
-0.002658159,-1.239988e-05,67.13932
-0.002658129,-1.230056e-05,67.28038
-0.002657741,-1.219964e-05,67.42142
-0.002657503,-1.210031e-05,67.56248
-0.002657652,-1.199932e-05,67.70353
-0.002656996,-1.190002e-05,67.84458
-0.002656668,-1.180083e-05,67.98564
-0.002656341,-1.169986e-05,68.12668
-0.00265637,-1.16006e-05,68.26772
-0.00265646,-1.149951e-05,68.40877
-0.002655745,-1.140015e-05,68.54983
-0.002655417,-1.130106e-05,68.69089
-0.002655178,-1.119998e-05,68.83194
-0.002655298,-1.110051e-05,68.973
-0.002654344,-1.099952e-05,69.11406
-0.002654225,-1.090043e-05,69.25509
-0.002653152,-1.07993e-05,69.39613
-0.002653658,-1.070008e-05,69.53717
-0.002653152,-1.060079e-05,69.6782
-0.002652586,-1.049996e-05,69.81924
-0.00265196,-1.040056e-05,69.9603
-0.00265193,-1.029947e-05,70.10136
-0.002651453,-1.020024e-05,70.2424
-0.002651215,-1.010082e-05,70.38344
-0.002650082,-1e-05,70.52448
-0.002649993,-9.900672e-06,70.66551
-0.002649546,-9.79974e-06,70.80655
-0.00264886,-9.700336e-06,70.9476
-0.00264886,-9.599491e-06,71.08866
-0.002648085,-9.500174e-06,71.22969
-0.002647877,-9.40045e-06,71.37074
-0.002646863,-9.299474e-06,71.51179
-0.00264585,-9.20039e-06,71.65285
-0.002645314,-9.0994e-06,71.79391
-0.002644897,-9.000098e-06,71.93496
-0.002643913,-8.899107e-06,72.07602
-0.002642959,-8.79998e-06,72.21709
-0.002642483,-8.700561e-06,72.35813
-0.002641469,-8.599513e-06,72.49917
-0.002640158,-8.500268e-06,72.64022
-0.002639174,-8.39922e-06,72.78128
-0.002637506,-8.300049e-06,72.92232
-0.002635598,-8.20079e-06,73.06336
-0.002634555,-8.099814e-06,73.20443
-0.002633065,-8.000367e-06,73.34548
-0.002631068,-7.899565e-06,73.48653
-0.002628893,-7.800249e-06,73.62757
-0.002626449,-7.699025e-06,73.76862
-0.00262332,-7.599709e-06,73.90966
-0.002621293,-7.500566e-06,74.05071
-0.002618164,-7.399591e-06,74.19175
-0.002615571,-7.300114e-06,74.3328
-0.002611399,-7.199225e-06,74.47383
-0.002607435,-7.099952e-06,74.61489
-0.002602667,-6.999122e-06,74.75594
-0.002597779,-6.899703e-06,74.897
-0.002592713,-6.800401e-06,75.03804
-0.002586633,-6.699396e-06,75.17909
-0.002580196,-6.600152e-06,75.32015
-0.002572387,-6.499133e-06,75.46121
-0.002564549,-6.399874e-06,75.60226
-0.002555102,-6.300455e-06,75.74331
-0.002543896,-6.199611e-06,75.88436
-0.002531856,-6.100294e-06,76.02539
-0.002516747,-5.998838e-06,76.16644
-0.002500117,-5.899463e-06,76.30748
-0.002480358,-5.798531e-06,76.4485
-0.002455682,-5.699461e-06,76.58957
-0.002427071,-5.600043e-06,76.7306
-0.002391011,-5.499183e-06,76.87164
-0.002345473,-5.399866e-06,77.01269
-0.002285331,-5.29908e-06,77.15373
-0.002201945,-5.199603e-06,77.29479
-0.00207895,-5.100315e-06,77.43583
-0.001869977,-4.999354e-06,77.57687
-0.001355886,-4.90011e-06,77.71791
-0.0008781552,-4.799134e-06,77.85896
-0.0006664693,-4.699876e-06,78.00001
-0.0004485846,-4.5989e-06,78.14108
-0.0004419684,-4.499481e-06,78.28212
-0.0004321635,-4.400354e-06,78.42316
-0.0004163086,-4.299305e-06,78.56423
-0.0003929436,-4.19977e-06,78.70529
-0.0003634691,-4.098838e-06,78.84633
-0.0003331304,-3.999769e-06,78.98738
-0.000302583,-3.898735e-06,79.12844
-0.0002730489,-3.79936e-06,79.26947
-0.0002348423,-3.700101e-06,79.41052
-0.0001575351,-3.5993e-06,79.55157
-0.0001465678,-3.499823e-06,79.69263
-0.0001381338,-3.398774e-06,79.83365
-0.0001319647,-3.299559e-06,79.97468
-0.000125289,-3.200388e-06,80.11574
-0.0001197457,-3.099267e-06,80.25679
-0.0001151562,-2.99995e-06,80.39783
-0.000109762,-2.899062e-06,80.53888
-0.0001044571,-2.799599e-06,80.67994
-0.0001004338,-2.698798e-06,80.82098
-9.506941e-05,-2.599438e-06,80.96203
-9.10759e-05,-2.49983e-06,81.10307
-8.606911e-05,-2.398752e-06,81.24412
-8.225441e-05,-2.299683e-06,81.38516
-7.730722e-05,-2.198707e-06,81.52621
-7.307529e-05,-2.099274e-06,81.66725
-6.899238e-05,-2.000132e-06,81.8083
-6.431341e-05,-1.899229e-06,81.94935
7.18236e-06,-1.799868e-06,82.0904
7.092953e-06,-1.698718e-06,82.23147
7.033348e-06,-1.599503e-06,82.37251
7.510185e-06,-1.498527e-06,82.51356
7.033348e-06,-1.399283e-06,82.65463
7.06315e-06,-1.300068e-06,82.7957
7.212162e-06,-1.199092e-06,82.93674
7.003546e-06,-1.099732e-06,83.07778
7.18236e-06,-9.987998e-07,83.21884
7.331371e-06,-8.99483e-07,83.3599
7.122755e-06,-7.983035e-07,83.50096
7.659197e-06,-6.989139e-07,83.64201
7.033348e-06,-5.998445e-07,83.78304
6.973743e-06,-4.988979e-07,83.92408
7.271767e-06,-3.995083e-07,84.06513
6.973743e-06,-2.984598e-07,84.20616
7.778406e-06,-1.991866e-07,84.34722
7.271767e-06,-1.000299e-07,84.48827
6.973743e-06,1.135049e-09,84.6293
7.599592e-06,9.984069e-08,84.77066
6.973743e-06,1.989538e-07,84.9117
7.510185e-06,2.98387e-07,85.05277
6.943941e-06,3.993773e-07,85.1938
6.973743e-06,4.986359e-07,85.33483
7.688999e-06,5.995826e-07,85.47588
6.824732e-06,6.987539e-07,85.61692
7.271767e-06,7.997442e-07,85.75798
6.973743e-06,8.991774e-07,85.89901
6.79493e-06,9.985961e-07,86.04005
6.943941e-06,1.099426e-06,86.18109
7.18236e-06,1.198758e-06,86.32216
6.854534e-06,1.29969e-06,86.46319
7.510185e-06,1.398992e-06,86.60424
7.420778e-06,1.498149e-06,86.7453
7.420778e-06,1.599183e-06,86.88637
7.450581e-06,1.698543e-06,87.02742
7.539988e-06,1.799548e-06,87.16848
6.943941e-06,1.898865e-06,87.30952
7.331371e-06,1.999666e-06,87.45057
7.510185e-06,2.098954e-06,87.59163
7.003546e-06,2.198227e-06,87.73267
7.659197e-06,2.299232e-06,87.87374
7.539988e-06,2.398432e-06,88.01481
7.092953e-06,2.499379e-06,88.15586
7.748604e-06,2.599016e-06,88.29693
6.705523e-06,2.700006e-06,88.43798
7.212162e-06,2.799148e-06,88.57903
7.18236e-06,2.898509e-06,88.72009
6.79493e-06,2.999484e-06,88.86114
7.599592e-06,3.098889e-06,89.00218
7.331371e-06,3.199864e-06,89.14323
7.212162e-06,3.298977e-06,89.2843
7.18236e-06,3.399982e-06,89.42536
7.361174e-06,3.499328e-06,89.5664
7.152557e-06,3.59863e-06,89.70746
6.943941e-06,3.699475e-06,89.8485
7.06315e-06,3.798894e-06,89.98958
6.943941e-06,3.899797e-06,90.13062
7.390976e-06,3.999085e-06,90.27167
7.361174e-06,4.099929e-06,90.41273
7.897615e-06,4.199217e-06,90.55377
7.56979e-06,4.298709e-06,90.69484
7.271767e-06,4.399728e-06,90.83588
7.361174e-06,4.499132e-06,90.97694
7.152557e-06,4.599875e-06,91.11799
7.420778e-06,4.699221e-06,91.25905
7.539988e-06,4.800168e-06,91.40011
7.748604e-06,4.899455e-06,91.54118
7.539988e-06,4.998597e-06,91.68224
7.271767e-06,5.099617e-06,91.82329
7.361174e-06,5.199021e-06,91.96435
7.629395e-06,5.299982e-06,92.1054
7.510185e-06,5.399095e-06,92.24645
7.331371e-06,5.5001e-06,92.38751
7.927418e-06,5.599373e-06,92.52857
7.271767e-06,5.698661e-06,92.66962
7.688999e-06,5.799535e-06,92.81067
7.033348e-06,5.898881e-06,92.95172
7.331371e-06,5.999842e-06,93.09276
6.854534e-06,6.099523e-06,93.23378
7.539988e-06,6.200527e-06,93.37483
7.629395e-06,6.299699e-06,93.51589
7.480383e-06,6.39903e-06,93.65693
7.778406e-06,6.500006e-06,93.79799
7.420778e-06,6.599366e-06,93.93904
7.092953e-06,6.700182e-06,94.08011
7.361174e-06,6.79947e-06,94.22116
7.271767e-06,6.900533e-06,94.36221
7.748604e-06,6.99985e-06,94.50328
7.659197e-06,7.099021e-06,94.64436
7.18236e-06,7.199982e-06,94.7854
7.659197e-06,7.299444e-06,94.92645
7.420778e-06,7.400289e-06,95.06751
7.271767e-06,7.499621e-06,95.20858
7.748604e-06,7.59869e-06,95.34962
7.331371e-06,7.699709e-06,95.49068
7.539988e-06,7.799244e-06,95.63173
7.18236e-06,7.90022e-06,95.77279
7.659197e-06,7.999464e-06,95.91384
7.688999e-06,8.100382e-06,96.05489
7.420778e-06,8.199684e-06,96.19596
7.06315e-06,8.298972e-06,96.33701
7.390976e-06,8.399831e-06,96.47807
7.331371e-06,8.499148e-06,96.61913
7.420778e-06,8.600211e-06,96.7602
7.659197e-06,8.699542e-06,96.90126
7.778406e-06,8.800518e-06,97.04232
7.331371e-06,8.899631e-06,97.18339
7.480383e-06,8.998948e-06,97.32445
7.56979e-06,9.099851e-06,97.4655
7.539988e-06,9.199211e-06,97.60656
7.271767e-06,9.300027e-06,97.74762
7.390976e-06,9.399431e-06,97.88867
7.539988e-06,9.500698e-06,98.02972
7.390976e-06,9.6e-06,98.17078
7.897615e-06,9.699128e-06,98.31182
7.241964e-06,9.800104e-06,98.45287
7.688999e-06,9.899522e-06,98.59392
7.539988e-06,1.000044e-05,98.73498
7.659197e-06,1.009984e-05,98.87604
7.18236e-06,1.02006e-05,99.0171
7.480383e-06,1.02999e-05,99.15816
7.480383e-06,1.039926e-05,99.29922
7.539988e-06,1.050025e-05,99.44026
7.778406e-06,1.059945e-05,99.58132
7.301569e-06,1.070045e-05,99.72238
6.943941e-06,1.079976e-05,99.86343
7.867813e-06,1.090072e-05,100.0045
7.659197e-06,1.099987e-05,100.1455
7.510185e-06,1.109917e-05,100.2866
7.539988e-06,1.120033e-05,100.4277
7.361174e-06,1.129968e-05,100.5687
7.420778e-06,1.140049e-05,100.7098
7.420778e-06,1.14999e-05,100.8508
7.152557e-06,1.160087e-05,100.9919
7.688999e-06,1.170009e-05,101.1329
7.539988e-06,1.179939e-05,101.274
7.331371e-06,1.190016e-05,101.4151
7.748604e-06,1.199958e-05,101.5561
7.092953e-06,1.210057e-05,101.6972
7.659197e-06,1.219996e-05,101.8382
7.748604e-06,1.230072e-05,101.9793
7.152557e-06,1.240002e-05,102.1203
7.450581e-06,1.249927e-05,102.2614
7.748604e-06,1.260023e-05,102.4024
7.033348e-06,1.269946e-05,102.5435
7.212162e-06,1.280043e-05,102.6845
7.122755e-06,1.289989e-05,102.8256
7.420778e-06,1.300074e-05,102.9667
7.778406e-06,1.310004e-05,103.1077
7.450581e-06,1.319915e-05,103.2488
8.314848e-06,1.330019e-05,103.3899
7.748604e-06,1.339949e-05,103.5309
7.331371e-06,1.350047e-05,103.672
7.927418e-06,1.359971e-05,103.813
7.897615e-06,1.370064e-05,103.9541
7.987022e-06,1.380003e-05,104.0951
7.539988e-06,1.389929e-05,104.2362
7.56979e-06,1.400011e-05,104.3772
7.361174e-06,1.409953e-05,104.5183
7.838011e-06,1.420049e-05,104.6593
7.450581e-06,1.429979e-05,104.8004
7.748604e-06,1.439908e-05,104.9414
7.420778e-06,1.449992e-05,105.0825
7.56979e-06,1.459924e-05,105.2236
7.688999e-06,1.470034e-05,105.3646
7.539988e-06,1.479969e-05,105.5057
7.659197e-06,1.490049e-05,105.6467
7.897615e-06,1.499991e-05,105.7878
7.748604e-06,1.509915e-05,105.9289
7.450581e-06,1.520012e-05,106.0699
7.718801e-06,1.529923e-05,106.211
7.212162e-06,1.540023e-05,106.352
7.688999e-06,1.549967e-05,106.4931
7.599592e-06,1.56006e-05,106.6342
7.450581e-06,1.57e-05,106.7752
7.927418e-06,1.579907e-05,106.9163
7.212162e-06,1.590011e-05,107.0573
7.450581e-06,1.599931e-05,107.1984
7.987022e-06,1.61003e-05,107.3394
7.539988e-06,1.61995e-05,107.4805
8.046627e-06,1.630047e-05,107.6215
7.659197e-06,1.640015e-05,107.7626
7.510185e-06,1.649941e-05,107.9036
7.450581e-06,1.660024e-05,108.0447
7.599592e-06,1.669953e-05,108.1857
7.778406e-06,1.680051e-05,108.3268
7.95722e-06,1.689987e-05,108.4679
7.897615e-06,1.70007e-05,108.6089
7.539988e-06,1.710004e-05,108.75
7.152557e-06,1.719939e-05,108.891
7.718801e-06,1.730034e-05,109.0321
7.897615e-06,1.739965e-05,109.1732
7.361174e-06,1.750047e-05,109.3142
7.361174e-06,1.759983e-05,109.4553
7.361174e-06,1.770072e-05,109.5963
7.927418e-06,1.780011e-05,109.7374
8.016825e-06,1.789923e-05,109.8784
7.390976e-06,1.800022e-05,110.0195
7.659197e-06,1.809967e-05,110.1605
8.046627e-06,1.820065e-05,110.3016
8.136034e-06,1.829986e-05,110.4426
7.897615e-06,1.840085e-05,110.5837
7.748604e-06,1.85003e-05,110.7248
8.016825e-06,1.859946e-05,110.8658
7.748604e-06,1.870043e-05,111.0069
7.897615e-06,1.879955e-05,111.1479
8.106232e-06,1.890055e-05,111.289
7.659197e-06,1.899994e-05,111.43
7.510185e-06,1.910089e-05,111.5711
7.838011e-06,1.92001e-05,111.7121
7.539988e-06,1.929942e-05,111.8532
7.420778e-06,1.940031e-05,111.9943
7.539988e-06,1.94996e-05,112.1353
7.897615e-06,1.960045e-05,112.2764
8.165836e-06,1.969986e-05,112.4174
8.255243e-06,1.980075e-05,112.5585
7.718801e-06,1.990006e-05,112.6995
7.897615e-06,1.999931e-05,112.8406
7.718801e-06,2.010012e-05,112.9816
8.106232e-06,2.019944e-05,113.1227
7.599592e-06,2.030034e-05,113.2637
7.838011e-06,2.039976e-05,113.4048
7.808208e-06,2.049883e-05,113.5458
7.897615e-06,2.059995e-05,113.6869
7.539988e-06,2.069931e-05,113.8279
7.688999e-06,2.080022e-05,113.969
7.659197e-06,2.089939e-05,114.1101
8.076429e-06,2.100032e-05,114.2511
7.56979e-06,2.109972e-05,114.3922
7.599592e-06,2.119894e-05,114.5332
7.838011e-06,2.13001e-05,114.6742
7.212162e-06,2.139916e-05,114.8153
7.927418e-06,2.150019e-05,114.9564
7.539988e-06,2.159958e-05,115.0974
8.016825e-06,2.170054e-05,115.2385
7.718801e-06,2.179976e-05,115.3795
7.688999e-06,2.189899e-05,115.5206
7.748604e-06,2.200007e-05,115.6616
7.450581e-06,2.209932e-05,115.8027
7.808208e-06,2.220011e-05,115.9437
7.808208e-06,2.229941e-05,116.0848
7.688999e-06,2.240046e-05,116.2258
7.420778e-06,2.249984e-05,116.3669
7.808208e-06,2.259892e-05,116.5079
7.927418e-06,2.270003e-05,116.649
7.480383e-06,2.279933e-05,116.79
7.808208e-06,2.29002e-05,116.9311
8.106232e-06,2.299951e-05,117.0721
7.987022e-06,2.310031e-05,117.2132
8.106232e-06,2.319975e-05,117.3542
8.106232e-06,2.329925e-05,117.4953
7.987022e-06,2.340035e-05,117.6364
7.510185e-06,2.349947e-05,117.7774
7.867813e-06,2.36004e-05,117.9185
7.748604e-06,2.369969e-05,118.0595
7.688999e-06,2.380066e-05,118.2006
7.838011e-06,2.389991e-05,118.3417
7.450581e-06,2.399914e-05,118.4827
7.450581e-06,2.410036e-05,118.6238
7.838011e-06,2.419951e-05,118.7648
7.897615e-06,2.430052e-05,118.9059
7.599592e-06,2.43996e-05,119.0469
8.493662e-06,2.450064e-05,119.188
7.450581e-06,2.459995e-05,119.329
7.659197e-06,2.469913e-05,119.4701
7.927418e-06,2.480015e-05,119.6112
7.838011e-06,2.48994e-05,119.7522
7.778406e-06,2.500057e-05,119.8933
8.106232e-06,2.509983e-05,120.0343
8.34465e-06,2.520064e-05,120.1754
7.897615e-06,2.530005e-05,120.3164
7.748604e-06,2.539928e-05,120.4575
8.314848e-06,2.550037e-05,120.5985
7.867813e-06,2.559961e-05,120.7396
7.659197e-06,2.570043e-05,120.8806
8.016825e-06,2.579977e-05,121.0217
7.331371e-06,2.590071e-05,121.1628
8.34465e-06,2.600014e-05,121.3038
7.748604e-06,2.609914e-05,121.4449
7.867813e-06,2.62003e-05,121.5859
7.539988e-06,2.62995e-05,121.727
8.106232e-06,2.640046e-05,121.868
8.016825e-06,2.649959e-05,122.0091
7.987022e-06,2.659902e-05,122.1501
7.808208e-06,2.670004e-05,122.2912
7.778406e-06,2.679916e-05,122.4322
7.599592e-06,2.690034e-05,122.5733
7.778406e-06,2.699936e-05,122.7143
7.987022e-06,2.71004e-05,122.8554
7.778406e-06,2.71996e-05,122.9965
7.510185e-06,2.729896e-05,123.1375
8.076429e-06,2.739976e-05,123.2786
8.106232e-06,2.749902e-05,123.4196
8.106232e-06,2.760021e-05,123.5607
7.688999e-06,2.769944e-05,123.7018
7.838011e-06,2.780024e-05,123.8428
8.255243e-06,2.789956e-05,123.9839
7.659197e-06,2.79989e-05,124.125
7.539988e-06,2.809988e-05,124.266
8.076429e-06,2.819901e-05,124.4071
7.987022e-06,2.830014e-05,124.5481
7.838011e-06,2.839949e-05,124.6892
7.629395e-06,2.850049e-05,124.8302
7.18236e-06,2.859975e-05,124.9713
7.838011e-06,2.869892e-05,125.1124
7.808208e-06,2.880003e-05,125.2534
7.838011e-06,2.889914e-05,125.3945
7.987022e-06,2.900028e-05,125.5355
7.838011e-06,2.909933e-05,125.6766
7.897615e-06,2.92004e-05,125.8176
8.016825e-06,2.929971e-05,125.9587
7.838011e-06,2.939906e-05,126.0997
8.016825e-06,2.949993e-05,126.2408
7.748604e-06,2.95991e-05,126.3819
6.973743e-06,2.970036e-05,126.5229
7.778406e-06,2.979944e-05,126.664
7.420778e-06,2.990043e-05,126.805
7.480383e-06,2.999953e-05,126.9461
7.838011e-06,3.009896e-05,127.0872
7.480383e-06,3.020027e-05,127.2282
7.659197e-06,3.029946e-05,127.3693
7.897615e-06,3.040044e-05,127.5103
8.076429e-06,3.049965e-05,127.6514
7.539988e-06,3.06006e-05,127.7924
7.987022e-06,3.069991e-05,127.9335
7.539988e-06,3.079913e-05,128.0745
8.34465e-06,3.090018e-05,128.2156
7.927418e-06,3.099952e-05,128.3566
7.331371e-06,3.110057e-05,128.4977
7.95722e-06,3.11998e-05,128.6387
7.092953e-06,3.130056e-05,128.7798
7.718801e-06,3.139993e-05,128.9208
8.106232e-06,3.149916e-05,129.0619
7.510185e-06,3.160024e-05,129.203
7.688999e-06,3.169921e-05,129.344
8.34465e-06,3.180043e-05,129.4851
7.897615e-06,3.189981e-05,129.6261
7.212162e-06,3.200077e-05,129.7672
7.778406e-06,3.209991e-05,129.9082
8.106232e-06,3.219928e-05,130.0493
8.255243e-06,3.230033e-05,130.1904
7.659197e-06,3.239945e-05,130.3314
7.420778e-06,3.250068e-05,130.4724
8.255243e-06,3.259968e-05,130.6135
7.510185e-06,3.27008e-05,130.7546
8.195639e-06,3.279996e-05,130.8956
8.404255e-06,3.289935e-05,131.0366
7.748604e-06,3.300024e-05,131.1777
7.897615e-06,3.309942e-05,131.3188
7.778406e-06,3.320051e-05,131.4598
7.897615e-06,3.329973e-05,131.6009
7.599592e-06,3.339881e-05,131.7419
7.897615e-06,3.349993e-05,131.883
8.404255e-06,3.359934e-05,132.024
7.987022e-06,3.370029e-05,132.1651
7.897615e-06,3.379938e-05,132.3061
7.987022e-06,3.390045e-05,132.4472
7.897615e-06,3.399978e-05,132.5882
8.255243e-06,3.409885e-05,132.7293
8.046627e-06,3.419991e-05,132.8703
8.404255e-06,3.429907e-05,133.0114
7.987022e-06,3.440017e-05,133.1524
8.523464e-06,3.449939e-05,133.2935
8.314848e-06,3.460051e-05,133.4345
8.255243e-06,3.469957e-05,133.5756
8.46386e-06,3.47988e-05,133.7166
8.404255e-06,3.489983e-05,133.8577
8.016825e-06,3.499918e-05,133.9987
8.553267e-06,3.510011e-05,134.1398
7.748604e-06,3.519929e-05,134.2808
7.987022e-06,3.530057e-05,134.4219
7.718801e-06,3.539985e-05,134.5629
8.583069e-06,3.549905e-05,134.704
7.361174e-06,3.559985e-05,134.845
8.46386e-06,3.569927e-05,134.9861
7.897615e-06,3.580021e-05,135.1271
7.301569e-06,3.589941e-05,135.2682
7.778406e-06,3.600041e-05,135.4092
7.808208e-06,3.609965e-05,135.5503
8.106232e-06,3.619897e-05,135.6914
7.838011e-06,3.629993e-05,135.8324
8.076429e-06,3.639917e-05,135.9735
7.897615e-06,3.650022e-05,136.1145
8.46386e-06,3.659945e-05,136.2556
7.927418e-06,3.670051e-05,136.3966
8.255243e-06,3.67998e-05,136.5377
7.838011e-06,3.689881e-05,136.6787
7.688999e-06,3.699998e-05,136.8198
8.076429e-06,3.70996e-05,136.9609
7.688999e-06,3.720056e-05,137.1019
7.748604e-06,3.729954e-05,137.243
8.106232e-06,3.740072e-05,137.384
7.688999e-06,3.749994e-05,137.5251
7.927418e-06,3.759909e-05,137.6661
8.46386e-06,3.770003e-05,137.8072
8.255243e-06,3.779941e-05,137.9482
7.927418e-06,3.790064e-05,138.0893
7.987022e-06,3.799971e-05,138.2303
8.106232e-06,3.810087e-05,138.3714
8.016825e-06,3.819987e-05,138.5124
8.34465e-06,3.829917e-05,138.6535
7.510185e-06,3.840006e-05,138.7945
8.165836e-06,3.849946e-05,138.9356
8.106232e-06,3.860031e-05,139.0766
7.480383e-06,3.869955e-05,139.2177
7.95722e-06,3.880088e-05,139.3588
8.285046e-06,3.890002e-05,139.4998
8.106232e-06,3.89991e-05,139.6409
8.165836e-06,3.910017e-05,139.7819
8.34465e-06,3.919957e-05,139.923
8.553267e-06,3.930056e-05,140.064
8.106232e-06,3.939963e-05,140.2051
8.076429e-06,3.949911e-05,140.3461
8.165836e-06,3.960013e-05,140.4872
8.404255e-06,3.969921e-05,140.6282
7.480383e-06,3.980024e-05,140.7693
7.927418e-06,3.989946e-05,140.9103
7.987022e-06,4.000052e-05,141.0514
8.165836e-06,4.009962e-05,141.1924
7.927418e-06,4.019907e-05,141.3335
7.927418e-06,4.029984e-05,141.4745
8.016825e-06,4.039914e-05,141.6156
8.016825e-06,4.050029e-05,141.7566
3.856421e-05,4.059958e-05,141.8977
0.002705008,4.07005e-05,142.0388
0.002705187,4.079961e-05,142.1798
0.002704829,4.089919e-05,142.3209
0.002704978,4.099995e-05,142.4619
0.002705723,4.109919e-05,142.603
0.002705276,4.120005e-05,142.744
0.002705097,4.129946e-05,142.8851
0.002705485,4.140053e-05,143.0261
0.002705634,4.149966e-05,143.1672
0.002705514,4.159892e-05,143.3082
0.002705663,4.169987e-05,143.4492
0.002705425,4.179907e-05,143.5903
0.002705991,4.19001e-05,143.7313
0.002705544,4.199934e-05,143.8724
0.002705872,4.210041e-05,144.0134
0.002705812,4.21999e-05,144.1545
0.002706379,4.229922e-05,144.2955
0.00270623,4.240016e-05,144.4366
0.002705932,4.249909e-05,144.5776
0.002706289,4.260022e-05,144.7186
0.002706707,4.269947e-05,144.8597
0.002706796,4.280053e-05,145.0008
0.002705812,4.289951e-05,145.1418
0.002706647,4.299906e-05,145.2828
0.002706468,4.310002e-05,145.4239
0.002707005,4.319916e-05,145.565
0.002707273,4.33001e-05,145.706
0.002706945,4.339944e-05,145.8471
0.002707094,4.350058e-05,145.9881
0.002707243,4.359965e-05,146.1292
0.002707124,4.36992e-05,146.2702
0.002707183,4.379991e-05,146.4113
0.002707422,4.389924e-05,146.5523
0.002707124,4.40005e-05,146.6934
0.002707243,4.409986e-05,146.8344
0.00270772,4.420069e-05,146.9755
0.002707392,4.429984e-05,147.1165
0.002707422,4.43993e-05,147.2576
0.002707422,4.450016e-05,147.3986
0.002707422,4.459923e-05,147.5397
0.002707958,4.470034e-05,147.6807
0.002707958,4.479986e-05,147.8218
0.002708137,4.490085e-05,147.9628
0.002707779,4.499983e-05,148.1039
0.002707869,4.509925e-05,148.2449
0.002708256,4.520029e-05,148.3859
0.002708226,4.529931e-05,148.527
0.002708137,4.540039e-05,148.668
0.002708375,4.549958e-05,148.8091
0.002708077,4.560077e-05,148.9501
0.002708226,4.569998e-05,149.0912
0.002709061,4.579942e-05,149.2322
0.002709299,4.590017e-05,149.3733
0.002708644,4.599939e-05,149.5143
0.002708942,4.610045e-05,149.6554
0.002709031,4.619977e-05,149.7964
0.00270927,4.629891e-05,149.9374
0.002709061,4.63999e-05,150.0785
0.00270918,4.649955e-05,150.2195
0.00270921,4.660031e-05,150.3605
0.002709776,4.669948e-05,150.5016
0.002709299,4.680033e-05,150.6426
0.002709866,4.68998e-05,150.7837
0.00270927,4.699889e-05,150.9247
0.002709717,4.709988e-05,151.0658
0.002709925,4.71992e-05,151.2068
0.002709985,4.730023e-05,151.3479
0.002710164,4.739944e-05,151.4889
0.002710342,4.750042e-05,151.63
0.002710581,4.759961e-05,151.771
0.002710342,4.769884e-05,151.9121
0.002710134,4.779988e-05,152.0532
0.002710581,4.789924e-05,152.1942
0.002710402,4.800021e-05,152.3352
0.002710551,4.809917e-05,152.4763
0.002710342,4.820038e-05,152.6174
0.002710342,4.829968e-05,152.7584
0.002710551,4.839881e-05,152.8995
0.002710968,4.849964e-05,153.0405
0.002711207,4.859916e-05,153.1816
0.002711058,4.870005e-05,153.3226
0.00271067,4.879922e-05,153.4637
0.002711236,4.890012e-05,153.6047
0.002710879,4.899956e-05,153.7458
0.002711564,4.909905e-05,153.8868
0.002711445,4.919995e-05,154.0279
0.002711117,4.929946e-05,154.1689
0.002711087,4.94001e-05,154.3099
0.002710968,4.949939e-05,154.451
0.002711684,4.960033e-05,154.592
0.002711803,4.969968e-05,154.7331
0.002711535,4.979869e-05,154.8741
0.002711803,4.98998e-05,155.0152
0.002711743,4.999932e-05,155.1562
0.002711684,5.010013e-05,155.2973
0.002711862,5.019917e-05,155.4383
0.002712011,5.030027e-05,155.5794
0.002712101,5.03997e-05,155.7204
0.00271216,5.04988e-05,155.8614
0.00271225,5.059973e-05,156.0025
0.00271219,5.069924e-05,156.1435
0.002712339,5.080028e-05,156.2846
0.002712488,5.089965e-05,156.4256
0.002712667,5.100066e-05,156.5667
0.002712578,5.109984e-05,156.7077
0.002712756,5.119908e-05,156.8488
0.002712816,5.13e-05,156.9899
0.002712697,5.139945e-05,157.1309
0.002713025,5.150023e-05,157.272
0.002713531,5.159948e-05,157.413
0.002712488,5.170063e-05,157.5541
0.002713323,5.17999e-05,157.6951
0.00271374,5.1899e-05,157.8362
0.002713531,5.199999e-05,157.9772
0.002712995,5.20996e-05,158.1183
0.002713323,5.220031e-05,158.2593
0.002714008,5.229951e-05,158.4004
0.002713323,5.239894e-05,158.5414
0.00271374,5.249992e-05,158.6825
0.002713531,5.259919e-05,158.8235
0.002714455,5.270015e-05,158.9646
0.002714664,5.279944e-05,159.1056
0.002713948,5.290036e-05,159.2467
0.002713919,5.299959e-05,159.3877
0.002713978,5.309914e-05,159.5288
0.002714217,5.319985e-05,159.6698
0.002714276,5.329905e-05,159.8109
0.002714306,5.340025e-05,159.9519
0.002714515,5.349961e-05,160.093
0.002714306,5.360055e-05,160.234
0.002714872,5.369945e-05,160.3751
0.002714097,5.379919e-05,160.5161
0.002714962,5.389989e-05,160.6571
0.00271526,5.399913e-05,160.7982
0.002714843,5.409993e-05,160.9392
0.002714545,5.419955e-05,161.0803
0.002715111,5.430049e-05,161.2213
0.002715647,5.43996e-05,161.3623
0.002715081,5.4499e-05,161.5034
0.002715737,5.459985e-05,161.6444
0.002715111,5.469912e-05,161.7855
0.00271526,5.480005e-05,161.9265
0.002715468,5.489957e-05,162.0676
0.002715379,5.500027e-05,162.2086
0.002715558,5.509956e-05,162.3497
0.00271526,5.51991e-05,162.4907
0.002715319,5.529993e-05,162.6317
0.002715588,5.539889e-05,162.7728
0.002716094,5.549994e-05,162.9138
0.002715915,5.559936e-05,163.0549
0.002716064,5.570025e-05,163.196
0.002716362,5.57993e-05,163.337
0.002715647,5.589894e-05,163.4781
0.002716273,5.600012e-05,163.6191
0.002716452,5.60992e-05,163.7602
0.00271672,5.620005e-05,163.9012
0.002716601,5.629945e-05,164.0423
0.002716154,5.64005e-05,164.1834
0.002716273,5.649948e-05,164.3244
0.002716273,5.659914e-05,164.4654
0.00271672,5.669976e-05,164.6065
0.002716452,5.679906e-05,164.7475
0.002717078,5.690005e-05,164.8886
0.002716839,5.699947e-05,165.0296
0.002716631,5.710022e-05,165.1707
0.002717197,5.719945e-05,165.3117
0.002717286,5.72991e-05,165.4528
0.002717227,5.739988e-05,165.5938
0.002716869,5.749901e-05,165.7348
0.002716839,5.760003e-05,165.8759
0.002717078,5.769974e-05,166.0169
0.002717108,5.780072e-05,166.158
0.002717406,5.789989e-05,166.299
0.002717525,5.799922e-05,166.4401
0.002717346,5.810012e-05,166.5811
0.002717495,5.819926e-05,166.7222
0.002717614,5.83002e-05,166.8632
0.002717644,5.839953e-05,167.0043
0.002718002,5.849876e-05,167.1453
0.002718478,5.859981e-05,167.2864
0.002718627,5.86993e-05,167.4274
0.002718568,5.880003e-05,167.5685
0.002718061,5.889918e-05,167.7096
0.002718151,5.900031e-05,167.8506
0.00271827,5.909969e-05,167.9916
0.00271824,5.919889e-05,168.1327
0.002718955,5.92996e-05,168.2737
0.002718776,5.93994e-05,168.4148
0.002718449,5.950025e-05,168.5558
0.002718896,5.959937e-05,168.6969
0.002719343,5.970016e-05,168.838
0.002718896,5.979971e-05,168.979
0.002718955,5.989883e-05,169.1201
0.002719134,5.999971e-05,169.2611
0.002718896,5.989883e-05,169.4022
0.002719313,5.979971e-05,169.5432
0.002719015,5.970017e-05,169.6843
0.002718776,5.959938e-05,169.8254
0.002718955,5.950028e-05,169.9664
0.002718866,5.939938e-05,170.1075
0.002718478,5.929958e-05,170.2486
0.002718002,5.919887e-05,170.3896
0.002719045,5.909967e-05,170.5306
0.00271821,5.900034e-05,170.6717
0.002718627,5.889921e-05,170.8127
0.00271821,5.880003e-05,170.9538
0.002718389,5.869931e-05,171.0948
0.002718151,5.859979e-05,171.2358
0.002718002,5.849876e-05,171.3769
0.002717495,5.839953e-05,171.5179
0.002717644,5.83002e-05,171.659
0.002717584,5.819921e-05,171.8
0.002717674,5.810015e-05,171.9411
0.002717525,5.799922e-05,172.0821
0.002717733,5.789987e-05,172.2231
0.002717197,5.780069e-05,172.3642
0.002717108,5.769974e-05,172.5052
0.002717197,5.76e-05,172.6463
0.002717286,5.749898e-05,172.7873
0.002716959,5.739985e-05,172.9284
0.00271672,5.72991e-05,173.0694
0.002717108,5.719942e-05,173.2105
0.002717137,5.710025e-05,173.3515
0.002716482,5.699952e-05,173.4926
0.002717525,5.690004e-05,173.6336
0.002716869,5.679905e-05,173.7746
0.002716273,5.669976e-05,173.9157
0.00271666,5.659914e-05,174.0568
0.002716154,5.64995e-05,174.1978
0.002715737,5.640049e-05,174.3389
0.002716154,5.629945e-05,174.4799
0.002716333,5.620008e-05,174.621
0.002716035,5.609918e-05,174.762
0.002716035,5.600008e-05,174.9031
0.002715588,5.589899e-05,175.0441
0.002715588,5.579935e-05,175.1852
0.002715796,5.570025e-05,175.3263
0.00271517,5.55994e-05,175.4673
0.002715707,5.549997e-05,175.6083
0.002715886,5.539889e-05,175.7494
0.002716005,5.529993e-05,175.8905
0.002715141,5.519908e-05,176.0315
0.0027152,5.509958e-05,176.1725
0.002715915,5.500027e-05,176.3136
0.002715498,5.48996e-05,176.4546
0.002715498,5.480004e-05,176.5957
0.002714694,5.469918e-05,176.7367
0.00271523,5.459988e-05,176.8778
0.002714694,5.449908e-05,177.0188
0.002715081,5.439963e-05,177.1599
0.002714336,5.43005e-05,177.3009
0.002714694,5.41996e-05,177.442
0.002714604,5.409998e-05,177.583
0.002714366,5.399912e-05,177.724
0.002714366,5.389993e-05,177.8651
0.002714366,5.37992e-05,178.0061
0.002714664,5.369946e-05,178.1472
0.002714306,5.360055e-05,178.2882
0.002714425,5.349964e-05,178.4293
0.002714366,5.340028e-05,178.5703
0.002714396,5.329908e-05,178.7113
0.002714127,5.319985e-05,178.8524
0.002713799,5.309912e-05,178.9934
0.002714127,5.299957e-05,179.1345
0.002714187,5.290043e-05,179.2755
0.00271368,5.279947e-05,179.4166
0.002713561,5.270021e-05,179.5576
0.002713472,5.259922e-05,179.6987
0.00271371,5.249996e-05,179.8397
0.002712905,5.239896e-05,179.9808
0.002713084,5.229955e-05,180.1218
0.002713233,5.220035e-05,180.2629
0.002712846,5.209967e-05,180.404
0.002713054,5.200003e-05,180.545
0.002712518,5.189904e-05,180.6861
0.002712935,5.179994e-05,180.8271
0.002712756,5.170067e-05,180.9682
0.002712935,5.159945e-05,181.1093
0.002712429,5.150025e-05,181.2503
0.002712756,5.13995e-05,181.3914
0.002712697,5.130001e-05,181.5324
0.002712458,5.119911e-05,181.6735
0.002712727,5.109987e-05,181.8146
0.002712369,5.100071e-05,181.9556
0.002711713,5.089967e-05,182.0967
0.002711833,5.080031e-05,182.2377
0.00271216,5.069925e-05,182.3787
0.002711892,5.059977e-05,182.5198
0.002711952,5.049886e-05,182.6608
0.00271225,5.039973e-05,182.8018
0.002711535,5.030031e-05,182.9429
0.002711564,5.019922e-05,183.0839
0.002712011,5.010015e-05,183.225
0.002711892,4.999936e-05,183.366
0.002711058,4.989981e-05,183.5071
0.002711564,4.979873e-05,183.6481
0.002711564,4.969971e-05,183.7892
0.002711415,4.960036e-05,183.9302
0.002711177,4.949947e-05,184.0713
0.002711117,4.940014e-05,184.2123
0.002711117,4.929952e-05,184.3534
0.002711177,4.920003e-05,184.4944
0.002710879,4.909912e-05,184.6355
0.002711207,4.899963e-05,184.7765
0.002711445,4.89002e-05,184.9176
0.00271064,4.879924e-05,185.0586
0.002710402,4.870011e-05,185.1997
0.00271067,4.859921e-05,185.3407
0.002710313,4.849971e-05,185.4818
0.002710193,4.839888e-05,185.6228
0.002710193,4.829976e-05,185.7639
0.00271073,4.82004e-05,185.9049
0.002710402,4.809923e-05,186.046
0.002709955,4.800026e-05,186.187
0.002709866,4.789932e-05,186.3281
0.002709776,4.779994e-05,186.4692
0.002709985,4.769888e-05,186.6102
0.002709717,4.759968e-05,186.7513
0.002709836,4.750048e-05,186.8923
0.002709925,4.739952e-05,187.0334
0.002709508,4.73003e-05,187.1745
0.002709478,4.719933e-05,187.3155
0.002709359,4.709995e-05,187.4566
0.002708972,4.699893e-05,187.5976
0.002709746,4.689988e-05,187.7387
0.002709538,4.680041e-05,187.8797
0.002709657,4.669954e-05,188.0208
0.00270915,4.660035e-05,188.1618
0.002708733,4.649958e-05,188.3029
0.002708822,4.639989e-05,188.4439
0.002709091,4.629893e-05,188.585
0.002708614,4.619981e-05,188.726
0.002708375,4.610045e-05,188.867
0.002708524,4.599942e-05,189.0081
0.002708495,4.590019e-05,189.1491
0.002708465,4.579948e-05,189.2902
0.002708733,4.570006e-05,189.4312
0.002708256,4.560077e-05,189.5723
0.002708375,4.549962e-05,189.7133
0.002708077,4.540043e-05,189.8543
0.002707988,4.529934e-05,189.9954
0.00270775,4.52003e-05,190.1364
0.002708256,4.50993e-05,190.2775
0.002708137,4.499988e-05,190.4185
0.002707392,4.490082e-05,190.5596
0.002707809,4.479989e-05,190.7006
0.002708077,4.470035e-05,190.8417
0.002707928,4.459926e-05,190.9827
0.002707362,4.450021e-05,191.1238
0.002707809,4.439935e-05,191.2648
0.002707362,4.429992e-05,191.4059
0.002707452,4.420073e-05,191.5469
0.002707034,4.409987e-05,191.688
0.002707124,4.400052e-05,191.829
0.002706885,4.389929e-05,191.97
0.002706856,4.379996e-05,192.1111
0.002707124,4.369926e-05,192.2521
0.002706647,4.359968e-05,192.3932
0.002707213,4.350062e-05,192.5343
0.002706617,4.339952e-05,192.6753
0.002706766,4.330011e-05,192.8164
0.002706826,4.319919e-05,192.9574
0.0027062,4.31001e-05,193.0985
0.002706081,4.299912e-05,193.2395
0.002707005,4.28996e-05,193.3805
0.002705604,4.280059e-05,193.5216
0.002706558,4.269954e-05,193.6627
0.002706707,4.260028e-05,193.8037
0.002705574,4.249917e-05,193.9448
0.002705663,4.240024e-05,194.0858
0.002705991,4.229929e-05,194.2269
0.002705395,4.219993e-05,194.3679
0.002705246,4.210048e-05,194.509
0.002705872,4.19994e-05,194.65
0.002705693,4.190012e-05,194.791
0.002705514,4.179914e-05,194.9321
0.002704799,4.169994e-05,195.0731
0.002704829,4.159898e-05,195.2142
0.002705008,4.149968e-05,195.3552
0.002704471,4.140053e-05,195.4963
0.002705097,4.12995e-05,195.6373
0.002704382,4.120005e-05,195.7784
0.00270468,4.109922e-05,195.9194
0.00270462,4.099998e-05,196.0605
0.002704203,4.089928e-05,196.2015
0.00270468,4.079967e-05,196.3426
0.002704442,4.070054e-05,196.4836
0.002704769,4.059964e-05,196.6247
0.002704173,4.050037e-05,196.7657
0.002704769,4.039919e-05,196.9068
0.002704352,4.029987e-05,197.0478
0.002703577,4.019913e-05,197.1889
0.002704114,4.009969e-05,197.33
0.002703398,4.000058e-05,197.471
0.002703339,3.98995e-05,197.6121
0.002703905,3.980033e-05,197.7532
0.002703339,3.969927e-05,197.8942
0.002703309,3.960014e-05,198.0353
0.002703488,3.949911e-05,198.1763
0.002703696,3.939963e-05,198.3174
0.002703249,3.930062e-05,198.4584
0.00270322,3.919959e-05,198.5995
0.002703786,3.910021e-05,198.7405
0.002702743,3.899915e-05,198.8816
0.002703547,3.890008e-05,199.0226
0.002702981,3.880094e-05,199.1637
0.002702892,3.869963e-05,199.3047
0.002702087,3.860038e-05,199.4458
0.002702981,3.849951e-05,199.5868
0.00270313,3.840013e-05,199.7278
0.002702147,3.829919e-05,199.8689
0.002702743,3.819993e-05,200.0099
0.002702653,3.810093e-05,200.151
0.002701968,3.799974e-05,200.292
0.002702206,3.790065e-05,200.4331
0.002702683,3.779944e-05,200.5741
0.002702028,3.770005e-05,200.7152
0.002702028,3.759918e-05,200.8562
0.002702206,3.749995e-05,200.9973
0.002702057,3.740074e-05,201.1383
0.00270173,3.729959e-05,201.2794
0.002701402,3.720065e-05,201.4204
0.002701849,3.70996e-05,201.5615
0.002701551,3.700001e-05,201.7025
0.002701789,3.689884e-05,201.8436
0.002701312,3.679981e-05,201.9846
0.002701551,3.670053e-05,202.1257
0.002701521,3.659948e-05,202.2667
0.002700984,3.650026e-05,202.4078
0.002700925,3.639923e-05,202.5488
0.002701044,3.629999e-05,202.6899
0.00270015,3.6199e-05,202.831
0.002700716,3.609971e-05,202.972
0.002700955,3.600041e-05,203.1131
0.002700806,3.589943e-05,203.2541
0.002700597,3.580024e-05,203.3952
0.002700537,3.569931e-05,203.5362
0.002700359,3.559986e-05,203.6773
0.002700418,3.549905e-05,203.8184
0.00270015,3.539986e-05,203.9594
0.002700001,3.530063e-05,204.1004
0.00270009,3.519931e-05,204.2415
0.002700388,3.510012e-05,204.3826
0.002699673,3.499918e-05,204.5236
0.00270012,3.489989e-05,204.6646
0.00270018,3.47988e-05,204.8057
0.002699554,3.469961e-05,204.9467
0.002699673,3.460053e-05,205.0877
0.002699614,3.449942e-05,205.2288
0.002699345,3.440025e-05,205.3698
0.002699405,3.42991e-05,205.5109
0.002698988,3.419994e-05,205.6519
0.002698779,3.409894e-05,205.793
0.002699435,3.399981e-05,205.934
0.002699465,3.390048e-05,206.075
0.00269872,3.37994e-05,206.2161
0.002699196,3.370036e-05,206.3571
0.002698839,3.359937e-05,206.4982
0.002698869,3.349998e-05,206.6392
0.002698302,3.33989e-05,206.7803
0.002698869,3.329979e-05,206.9213
0.002698392,3.320057e-05,207.0623
0.002698392,3.309947e-05,207.2034
0.002698153,3.300027e-05,207.3445
0.002698243,3.289944e-05,207.4855
0.002697974,3.280005e-05,207.6266
0.002697855,3.270085e-05,207.7677
0.002698064,3.259977e-05,207.9087
0.002697617,3.250073e-05,208.0498
0.002697974,3.239952e-05,208.1908
0.002697527,3.230041e-05,208.3319
0.002697587,3.219936e-05,208.4729
0.00269717,3.209997e-05,208.6139
0.002697885,3.200084e-05,208.755
0.002697229,3.189989e-05,208.8961
0.002697498,3.180053e-05,209.0371
0.002696723,3.16993e-05,209.1781
0.002696782,3.160031e-05,209.3192
0.002696723,3.149924e-05,209.4602
0.002696157,3.139999e-05,209.6013
0.002696276,3.130065e-05,209.7423
0.002696127,3.11999e-05,209.8834
0.00269711,3.110066e-05,210.0244
0.002696365,3.09996e-05,210.1655
0.002696514,3.090026e-05,210.3065
0.00269568,3.079922e-05,210.4475
0.002696306,3.069997e-05,210.5886
0.002696127,3.060068e-05,210.7296
0.00269565,3.049975e-05,210.8707
0.002695262,3.040048e-05,211.0117
0.002695888,3.029956e-05,211.1528
0.00269559,3.020038e-05,211.2938
0.002695888,3.009908e-05,211.4349
0.002695769,2.999965e-05,211.5759
0.002695501,2.990053e-05,211.717
0.002695024,2.979956e-05,211.8581
0.002694637,2.970044e-05,211.9991
0.002694428,2.959919e-05,212.1402
0.00269419,2.950001e-05,212.2812
0.002695322,2.939912e-05,212.4223
0.002694428,2.929982e-05,212.5633
0.002695113,2.920044e-05,212.7044
0.002694637,2.909941e-05,212.8454
0.002694637,2.900029e-05,212.9865
0.002694309,2.889922e-05,213.1275
0.002693921,2.880009e-05,213.2686
0.002693951,2.869898e-05,213.4096
0.002693862,2.859981e-05,213.5507
0.002694219,2.850057e-05,213.6917
0.002693802,2.839953e-05,213.8328
0.00269413,2.830017e-05,213.9738
0.002693653,2.819905e-05,214.1149
0.002693325,2.81e-05,214.2559
0.002693683,2.799898e-05,214.397
0.002693623,2.789962e-05,214.538
0.002693385,2.780031e-05,214.6791
0.002693743,2.769953e-05,214.8201
0.002693146,2.760033e-05,214.9612
0.002692938,2.749913e-05,215.1022
0.002692819,2.739989e-05,215.2432
0.002693236,2.729901e-05,215.3843
0.002692491,2.719971e-05,215.5253
0.002692074,2.710048e-05,215.6664
0.002692968,2.699945e-05,215.8074
0.002692491,2.690044e-05,215.9485
0.002692133,2.679926e-05,216.0895
0.002691746,2.670013e-05,216.2306
0.002691895,2.659908e-05,216.3716
0.002692014,2.649972e-05,216.5127
0.002692252,2.640055e-05,216.6537
0.002692252,2.629959e-05,216.7948
0.002691954,2.620039e-05,216.9359
0.002692133,2.609924e-05,217.0769
0.002691567,2.600018e-05,217.218
0.002691686,2.590079e-05,217.359
0.002691239,2.579985e-05,217.5001
0.002691448,2.57005e-05,217.6411
0.002691299,2.559974e-05,217.7822
0.002691388,2.550043e-05,217.9233
0.002691329,2.539936e-05,218.0643
0.002690673,2.530012e-05,218.2054
0.002690881,2.520072e-05,218.3464
0.002690852,2.509991e-05,218.4875
0.002690762,2.500066e-05,218.6285
0.002690196,2.489951e-05,218.7695
0.002690524,2.480019e-05,218.9106
0.002690226,2.469923e-05,219.0516
0.002690107,2.460004e-05,219.1927
0.002690405,2.450074e-05,219.3337
0.002689809,2.439968e-05,219.4748
0.002689838,2.430064e-05,219.6158
0.002689838,2.419959e-05,219.7568
0.0026896,2.410043e-05,219.8979
0.002689391,2.399921e-05,220.0389
0.00268963,2.389999e-05,220.18
0.00268963,2.380068e-05,220.321
0.002689391,2.36998e-05,220.4621
0.002688974,2.360046e-05,220.6031
0.002689004,2.349951e-05,220.7442
0.002688766,2.340043e-05,220.8853
0.002688825,2.329936e-05,221.0263
0.002689064,2.319983e-05,221.1674
0.002688617,2.310035e-05,221.3085
0.002688497,2.299952e-05,221.4495
0.002687961,2.290026e-05,221.5906
0.002688259,2.279939e-05,221.7316
0.002688289,2.27001e-05,221.8727
0.00268802,2.259899e-05,222.0137
0.002688468,2.249994e-05,222.1548
0.002687991,2.240058e-05,222.2958
0.002687663,2.229953e-05,222.4368
0.002687633,2.220018e-05,222.5779
0.002687335,2.209932e-05,222.7189
0.002687931,2.200012e-05,222.86
0.002687126,2.189908e-05,223.001
0.002687842,2.17998e-05,223.142
0.002687424,2.170062e-05,223.2831
0.002686858,2.159964e-05,223.4241
0.002686292,2.150027e-05,223.5652
0.002687246,2.13992e-05,223.7062
0.00268662,2.130018e-05,223.8473
0.002686441,2.119895e-05,223.9883
0.00268662,2.109978e-05,224.1294
0.002685905,2.100038e-05,224.2704
0.002685994,2.08994e-05,224.4115
0.002685875,2.080027e-05,224.5525
0.002686381,2.069934e-05,224.6936
0.002685994,2.060003e-05,224.8346
0.002685428,2.049886e-05,224.9757
0.002685368,2.039979e-05,225.1168
0.002685189,2.030042e-05,225.2578
0.002684951,2.019954e-05,225.3988
0.002684921,2.010018e-05,225.5399
0.002684623,1.999942e-05,225.6809
0.002685159,1.990015e-05,225.822
0.002684444,1.980078e-05,225.963
0.002684474,1.969992e-05,226.1041
0.00268501,1.96005e-05,226.2451
0.002683789,1.949965e-05,226.3862
0.002684295,1.940038e-05,226.5272
0.002684295,1.929942e-05,226.6682
0.002683669,1.920013e-05,226.8093
0.002683848,1.910097e-05,226.9503
0.002683789,1.9e-05,227.0914
0.00268355,1.890062e-05,227.2324
0.002683222,1.879959e-05,227.3735
0.002683312,1.870048e-05,227.5145
0.002683222,1.859947e-05,227.6556
0.002682775,1.850034e-05,227.7966
0.002683103,1.84009e-05,227.9377
0.002682865,1.829994e-05,228.0788
0.002682418,1.820069e-05,228.2198
0.002682477,1.809973e-05,228.3609
0.002682298,1.800027e-05,228.5019
0.002682835,1.789931e-05,228.643
0.002681941,1.780015e-05,228.784
0.00268212,1.770082e-05,228.9251
0.00268212,1.759993e-05,229.0661
0.002681643,1.75005e-05,229.2072
0.002681375,1.73997e-05,229.3482
0.002681464,1.730041e-05,229.4893
0.002681166,1.719945e-05,229.6303
0.00268048,1.710014e-05,229.7714
0.002680808,1.700077e-05,229.9124
0.002680808,1.689994e-05,230.0535
0.002680123,1.680056e-05,230.1945
0.002679616,1.669957e-05,230.3356
0.002680033,1.66003e-05,230.4766
0.002680123,1.649947e-05,230.6177
0.002679735,1.640021e-05,230.7587
0.002679616,1.630053e-05,230.8998
0.002679139,1.619954e-05,231.0408
0.002679288,1.610031e-05,231.1819
0.00267899,1.599934e-05,231.3229
0.00267908,1.590014e-05,231.464
0.00267899,1.579912e-05,231.6051
0.002678752,1.570006e-05,231.7461
0.002678722,1.560069e-05,231.8871
0.002678722,1.549971e-05,232.0282
0.002678305,1.540026e-05,232.1692
0.002678484,1.529927e-05,232.3103
0.0026775,1.52001e-05,232.4513
0.00267759,1.509918e-05,232.5923
0.002677292,1.499997e-05,232.7334
0.0026775,1.490054e-05,232.8744
0.002676785,1.479972e-05,233.0155
0.002677262,1.470036e-05,233.1566
0.002676785,1.459927e-05,233.2976
0.002676249,1.449989e-05,233.4387
0.002676398,1.439911e-05,233.5797
0.00267607,1.429983e-05,233.7208
0.002676338,1.420049e-05,233.8618
0.002675921,1.409951e-05,234.0028
0.002676159,1.400014e-05,234.1439
0.002675444,1.389931e-05,234.285
0.002674818,1.380005e-05,234.426
0.002675384,1.370064e-05,234.5671
0.002674758,1.359967e-05,234.7081
0.002675027,1.35005e-05,234.8492
0.002673924,1.339952e-05,234.9902
0.002674192,1.330019e-05,235.1313
0.00267452,1.319917e-05,235.2724
0.002673924,1.310006e-05,235.4134
0.002674043,1.300072e-05,235.5544
0.002673626,1.289989e-05,235.6955
0.002673417,1.280043e-05,235.8366
0.002672583,1.269946e-05,235.9776
0.002673149,1.260026e-05,236.1187
0.002672225,1.249927e-05,236.2597
0.002672106,1.240002e-05,236.4007
0.002672374,1.230069e-05,236.5418
0.002671659,1.219992e-05,236.6828
0.002671659,1.210056e-05,236.8239
0.002671421,1.199957e-05,236.9649
0.002671212,1.190021e-05,237.1059
0.002670944,1.179941e-05,237.247
0.00267002,1.170007e-05,237.388
0.00266996,1.160085e-05,237.5291
0.002669722,1.149988e-05,237.6701
0.002669424,1.140049e-05,237.8112
0.002669841,1.129966e-05,237.9522
0.002669156,1.12003e-05,238.0933
0.002669036,1.109915e-05,238.2343
0.002667993,1.099982e-05,238.3754
0.002667665,1.090068e-05,238.5164
0.002667338,1.079976e-05,238.6575
0.002667189,1.070045e-05,238.7985
0.002667099,1.059945e-05,238.9396
0.002666503,1.050027e-05,239.0806
0.002665997,1.039929e-05,239.2217
0.002665728,1.029996e-05,239.3627
0.002665013,1.020065e-05,239.5038
0.002664834,1.009986e-05,239.6448
0.002664864,1.000044e-05,239.7859
0.002663553,9.899493e-06,239.9269
0.002663493,9.800176e-06,240.068
0.002662838,9.699157e-06,240.209
0.002662212,9.600044e-06,240.35
0.002661586,9.500698e-06,240.4911
0.002661347,9.39946e-06,240.6321
0.002660811,9.300056e-06,240.7732
0.002660364,9.199255e-06,240.9142
0.002659291,9.099866e-06,241.0553
0.002658576,8.998992e-06,241.1963
0.002657771,8.899675e-06,241.3374
0.002656996,8.800547e-06,241.4784
0.002655715,8.699571e-06,241.6195
0.002655774,8.600182e-06,241.7605
0.002654642,8.499177e-06,241.9016
0.002653003,8.399846e-06,242.0426
0.002652138,8.298986e-06,242.1837
0.002650291,8.199684e-06,242.3247
0.002649128,8.100411e-06,242.4658
0.002647012,7.999464e-06,242.6069
0.002645195,7.90022e-06,242.7479
0.002643228,7.799244e-06,242.889
0.002640903,7.699738e-06,243.03
0.002637893,7.598763e-06,243.1711
0.002635598,7.49965e-06,243.3121
0.002632082,7.400362e-06,243.4532
0.002628773,7.299459e-06,243.5942
0.002625346,7.200055e-06,243.7353
0.002621025,7.09905e-06,243.8763
0.002617508,6.999908e-06,244.0174
0.002612293,6.900576e-06,244.1584
0.002607256,6.799528e-06,244.2994
0.002601594,6.700211e-06,244.4405
0.002593935,6.599381e-06,244.5815
0.00258705,6.499991e-06,244.7226
0.002578765,6.399088e-06,244.8636
0.002569318,6.299728e-06,245.0047
0.002558768,6.2006e-06,245.1457
0.002545714,6.099595e-06,245.2868
0.002532244,5.9999e-06,245.4278
0.002514988,5.898954e-06,245.5689
0.002495676,5.799535e-06,245.7099
0.002471507,5.698748e-06,245.851
0.002442837,5.599417e-06,245.992
0.002406478,5.500144e-06,246.133
0.002360255,5.399183e-06,246.2741
0.00230059,5.300055e-06,246.4151
0.002214998,5.199094e-06,246.5562
0.002087653,5.099631e-06,246.6972
0.001868427,4.99867e-06,246.8383
0.001317143,4.899528e-06,246.9793
0.0008856058,4.800211e-06,247.1204
0.0006783009,4.69925e-06,247.2614
0.000462383,4.599977e-06,247.4025
0.0004560053,4.499147e-06,247.5435
0.0004456639,4.399757e-06,247.6846
0.0004292727,4.298781e-06,247.8256
0.0004058778,4.199319e-06,247.9666
0.0003769994,4.099988e-06,248.1077
0.0003464222,3.999186e-06,248.2488
0.0003163815,3.89987e-06,248.3898
0.0002861023,3.798952e-06,248.5309
0.000248462,3.699563e-06,248.6719
0.000171572,3.598732e-06,248.813
0.0001607835,3.499386e-06,248.954
0.0001524687,3.400084e-06,249.0951
0.0001461804,3.299065e-06,249.2361
0.0001399219,3.199923e-06,249.3772
0.0001339912,3.098918e-06,249.5182
0.0001284778,2.999572e-06,249.6592
6.854534e-06,2.898552e-06,249.8003
6.79493e-06,2.799221e-06,249.9413
6.616116e-06,2.700093e-06,250.0824
7.092953e-06,2.599088e-06,250.2234
6.973743e-06,2.499466e-06,250.3644
7.003546e-06,2.39849e-06,250.5055
6.854534e-06,2.299275e-06,250.6465
7.331371e-06,2.198343e-06,250.7876
7.361174e-06,2.099056e-06,250.9286
6.884336e-06,1.999739e-06,251.0697
7.092953e-06,1.898938e-06,251.2107
7.361174e-06,1.79965e-06,251.3518
7.18236e-06,1.698587e-06,251.4928
7.122755e-06,1.599226e-06,251.6339
7.212162e-06,1.498236e-06,251.775
7.778406e-06,1.399094e-06,251.916
6.735325e-06,1.299777e-06,252.0571
7.122755e-06,1.198845e-06,252.1981
6.854534e-06,1.099499e-06,252.3392
6.943941e-06,9.986979e-07,252.4802
6.854534e-06,8.992938e-07,252.6213
6.973743e-06,7.998169e-07,252.7623
6.79493e-06,6.988266e-07,252.9034
7.092953e-06,5.996553e-07,253.0444
7.092953e-06,4.986796e-07,253.1855
7.122755e-06,3.994501e-07,253.3265
6.67572e-06,2.984743e-07,253.4675
6.943941e-06,1.990556e-07,253.6086
7.450581e-06,9.9928e-08,253.7496
6.973743e-06,-1.076842e-09,253.8907
6.645918e-06,-9.997166e-08,254.032
7.033348e-06,-1.991575e-07,254.1731
6.973743e-06,-2.984307e-07,254.3141
6.735325e-06,-3.994501e-07,254.4551
6.735325e-06,-4.988251e-07,254.5962
6.705523e-06,-5.998154e-07,254.7372
6.765127e-06,-6.988266e-07,254.8783
7.212162e-06,-7.982599e-07,255.0193
6.645918e-06,-8.994539e-07,255.1604
7.18236e-06,-9.98727e-07,255.3014
6.973743e-06,-1.099674e-06,255.4425
6.705523e-06,-1.199034e-06,255.5835
6.854534e-06,-1.300039e-06,255.7245
7.122755e-06,-1.399269e-06,255.8656
6.735325e-06,-1.498513e-06,256.0066
6.28829e-06,-1.599488e-06,256.1477
7.420778e-06,-1.698718e-06,256.2887
6.228685e-06,-1.799839e-06,256.4298
6.914139e-06,-1.899214e-06,256.5708
7.18236e-06,-2.000117e-06,256.7119
7.271767e-06,-2.099259e-06,256.8529
7.033348e-06,-2.198634e-06,256.994
6.943941e-06,-2.29961e-06,257.135
6.943941e-06,-2.398723e-06,257.276
7.510185e-06,-2.499772e-06,257.4171
7.271767e-06,-2.599452e-06,257.5581
6.616116e-06,-2.698769e-06,257.6992
6.79493e-06,-2.79957e-06,257.8402
7.033348e-06,-2.899018e-06,257.9812
6.79493e-06,-2.999921e-06,258.1223
6.884336e-06,-3.099296e-06,258.2633
6.705523e-06,-3.200359e-06,258.4044
6.616116e-06,-3.29953e-06,258.5454
7.003546e-06,-3.398745e-06,258.6864
6.705523e-06,-3.499808e-06,258.8275
6.467104e-06,-3.5993e-06,258.9685
6.616116e-06,-3.700072e-06,259.1096
6.735325e-06,-3.799345e-06,259.2506
6.973743e-06,-3.898749e-06,259.3917
7.033348e-06,-3.99971e-06,259.5327
6.824732e-06,-4.09878e-06,259.6737
6.973743e-06,-4.19977e-06,259.8148
6.705523e-06,-4.299291e-06,259.9558
6.884336e-06,-4.400354e-06,260.0969
6.914139e-06,-4.499467e-06,260.2379
6.645918e-06,-4.598915e-06,260.379
6.645918e-06,-4.699876e-06,260.52
7.18236e-06,-4.799193e-06,260.6611
6.67572e-06,-4.90011e-06,260.8021
7.092953e-06,-4.999369e-06,260.9432
6.973743e-06,-5.100344e-06,261.0842
6.973743e-06,-5.199647e-06,261.2252
6.735325e-06,-5.299065e-06,261.3663
6.79493e-06,-5.399881e-06,261.5073
6.347895e-06,-5.499154e-06,261.6483
7.092953e-06,-5.600028e-06,261.7894
6.645918e-06,-5.699476e-06,261.9304
6.765127e-06,-5.798545e-06,262.0715
6.973743e-06,-5.899507e-06,262.2125
6.824732e-06,-5.998867e-06,262.3536
7.092953e-06,-6.100337e-06,262.4946
6.377697e-06,-6.19964e-06,262.6357
6.79493e-06,-6.300455e-06,262.7767
7.420778e-06,-6.399889e-06,262.9178
6.914139e-06,-6.499176e-06,263.0588
6.973743e-06,-6.600167e-06,263.1999
6.28829e-06,-6.69944e-06,263.3409
6.765127e-06,-6.800401e-06,263.482
6.318092e-06,-6.899762e-06,263.623
7.450581e-06,-6.999166e-06,263.7641
6.973743e-06,-7.099996e-06,263.9051
6.884336e-06,-7.199313e-06,264.0461
6.765127e-06,-7.300187e-06,264.1872
7.152557e-06,-7.399634e-06,264.3282
6.735325e-06,-7.500625e-06,264.4693
6.79493e-06,-7.599723e-06,264.6103
6.556511e-06,-7.699069e-06,264.7514
7.212162e-06,-7.800292e-06,264.8924
6.884336e-06,-7.89958e-06,265.0335
7.212162e-06,-8.00041e-06,265.1745
6.616116e-06,-8.099843e-06,265.3156
7.122755e-06,-8.200805e-06,265.4566
6.854534e-06,-8.300092e-06,265.5976
6.824732e-06,-8.399293e-06,265.7387
7.271767e-06,-8.500312e-06,265.8798
7.122755e-06,-8.599585e-06,266.0208
6.467104e-06,-8.700619e-06,266.1619
6.645918e-06,-8.79998e-06,266.3029
6.884336e-06,-8.899136e-06,266.444
6.914139e-06,-9.000141e-06,266.585
6.526709e-06,-9.099414e-06,266.7261
6.854534e-06,-9.200434e-06,266.8671
6.914139e-06,-9.299547e-06,267.0081
7.241964e-06,-9.400494e-06,267.1492
6.28829e-06,-9.500232e-06,267.2902
6.645918e-06,-9.599564e-06,267.4313
7.18236e-06,-9.700409e-06,267.5723
7.212162e-06,-9.799769e-06,267.7134
7.331371e-06,-9.90073e-06,267.8544
7.539988e-06,-1.000008e-05,267.9955
6.943941e-06,-1.010089e-05,268.1365
6.28829e-06,-1.020031e-05,268.2775
6.884336e-06,-1.029957e-05,268.4186
7.18236e-06,-1.040063e-05,268.5596
6.556511e-06,-1.049999e-05,268.7007
6.67572e-06,-1.060085e-05,268.8417
6.526709e-06,-1.070011e-05,268.9828
6.973743e-06,-1.079937e-05,269.1238
6.973743e-06,-1.090049e-05,269.2648
6.854534e-06,-1.099955e-05,269.4059
7.271767e-06,-1.110056e-05,269.5469
6.526709e-06,-1.120003e-05,269.688
6.735325e-06,-1.130109e-05,269.829
6.705523e-06,-1.140022e-05,269.9701
6.854534e-06,-1.149956e-05,270.1111
6.645918e-06,-1.160064e-05,270.2522
7.271767e-06,-1.169987e-05,270.3932
7.271767e-06,-1.180089e-05,270.5343
6.645918e-06,-1.190008e-05,270.6754
7.212162e-06,-1.199933e-05,270.8164
6.735325e-06,-1.21004e-05,270.9574
6.854534e-06,-1.219969e-05,271.0985
6.973743e-06,-1.230063e-05,271.2395
6.884336e-06,-1.239992e-05,271.3805
6.914139e-06,-1.250087e-05,271.5216
7.480383e-06,-1.260023e-05,271.6626
7.06315e-06,-1.269931e-05,271.8037
7.033348e-06,-1.280026e-05,271.9447
7.033348e-06,-1.289949e-05,272.0858
6.705523e-06,-1.300064e-05,272.2268
6.645918e-06,-1.309994e-05,272.3679
6.705523e-06,-1.320081e-05,272.5089
7.152557e-06,-1.330019e-05,272.65
7.092953e-06,-1.339943e-05,272.791
6.884336e-06,-1.350045e-05,272.9321
7.212162e-06,-1.359961e-05,273.0731
7.092953e-06,-1.370072e-05,273.2142
6.765127e-06,-1.38e-05,273.3552
6.645918e-06,-1.389936e-05,273.4963
6.556511e-06,-1.400021e-05,273.6373
6.884336e-06,-1.409954e-05,273.7783
6.973743e-06,-1.420047e-05,273.9194
6.735325e-06,-1.429982e-05,274.0604
6.228685e-06,-1.440087e-05,274.2015
7.092953e-06,-1.449996e-05,274.3425
6.735325e-06,-1.459933e-05,274.4836
6.735325e-06,-1.470048e-05,274.6246
7.331371e-06,-1.479987e-05,274.7657
7.122755e-06,-1.490067e-05,274.9067
6.943941e-06,-1.499998e-05,275.0478
6.765127e-06,-1.509934e-05,275.1888
6.943941e-06,-1.520033e-05,275.3299
7.033348e-06,-1.529951e-05,275.4709
6.973743e-06,-1.54005e-05,275.6119
6.586313e-06,-1.549986e-05,275.753
6.109476e-06,-1.560085e-05,275.894
6.884336e-06,-1.569997e-05,276.0351
6.973743e-06,-1.579941e-05,276.1761
7.033348e-06,-1.590037e-05,276.3172
6.973743e-06,-1.599961e-05,276.4582
6.973743e-06,-1.610063e-05,276.5992
6.79493e-06,-1.619977e-05,276.7403
6.645918e-06,-1.630076e-05,276.8813
6.735325e-06,-1.640039e-05,277.0223
6.79493e-06,-1.649983e-05,277.1634
6.645918e-06,-1.660064e-05,277.3044
6.407499e-06,-1.669998e-05,277.4455
6.645918e-06,-1.680097e-05,277.5865
6.645918e-06,-1.690026e-05,277.7276
6.526709e-06,-1.699942e-05,277.8686
6.735325e-06,-1.710042e-05,278.0097
6.914139e-06,-1.719981e-05,278.1507
6.377697e-06,-1.730086e-05,278.2917
6.854534e-06,-1.740018e-05,278.4328
6.526709e-06,-1.750104e-05,278.5738
6.735325e-06,-1.760034e-05,278.7148
7.033348e-06,-1.769957e-05,278.8559
7.361174e-06,-1.78006e-05,278.9969
6.645918e-06,-1.789977e-05,279.138
6.884336e-06,-1.800081e-05,279.279
6.79493e-06,-1.810024e-05,279.42
6.79493e-06,-1.81996e-05,279.5611
6.79493e-06,-1.830044e-05,279.7021
6.526709e-06,-1.839975e-05,279.8432
6.943941e-06,-1.850068e-05,279.9842
6.407499e-06,-1.860011e-05,280.1253
7.212162e-06,-1.870113e-05,280.2663
6.884336e-06,-1.880023e-05,280.4073
7.212162e-06,-1.889958e-05,280.5484
6.735325e-06,-1.900057e-05,280.6895
6.973743e-06,-1.909987e-05,280.8305
6.943941e-06,-1.92007e-05,280.9715
6.884336e-06,-1.93001e-05,281.1126
6.407499e-06,-1.940108e-05,281.2536
6.884336e-06,-1.950034e-05,281.3947
6.705523e-06,-1.959951e-05,281.5357
6.526709e-06,-1.970046e-05,281.6768
6.228685e-06,-1.979963e-05,281.8178
7.361174e-06,-1.990069e-05,281.9589
6.973743e-06,-2.000009e-05,282.0999
6.79493e-06,-2.009925e-05,282.241
7.06315e-06,-2.020024e-05,282.382
7.390976e-06,-2.029956e-05,282.5231
6.586313e-06,-2.040059e-05,282.6641
6.556511e-06,-2.049969e-05,282.8052
6.884336e-06,-2.060071e-05,282.9462
6.943941e-06,-2.070016e-05,283.0873
6.735325e-06,-2.079947e-05,283.2283
6.943941e-06,-2.090028e-05,283.3693
6.377697e-06,-2.099962e-05,283.5104
6.645918e-06,-2.110058e-05,283.6514
6.705523e-06,-2.11999e-05,283.7925
7.033348e-06,-2.129907e-05,283.9335
6.556511e-06,-2.140013e-05,284.0745
6.467104e-06,-2.149942e-05,284.2156
6.467104e-06,-2.160057e-05,284.3566
6.467104e-06,-2.169993e-05,284.4977
6.884336e-06,-2.180076e-05,284.6387
6.079674e-06,-2.190008e-05,284.7798
7.122755e-06,-2.199938e-05,284.9208
6.526709e-06,-2.210044e-05,285.0619
6.735325e-06,-2.21996e-05,285.2029
7.122755e-06,-2.230059e-05,285.344
6.735325e-06,-2.239995e-05,285.485
6.645918e-06,-2.250094e-05,285.6261
6.884336e-06,-2.260003e-05,285.7671
7.033348e-06,-2.269943e-05,285.9082
6.854534e-06,-2.280046e-05,286.0492
6.28829e-06,-2.289967e-05,286.1903
6.824732e-06,-2.300067e-05,286.3313
6.616116e-06,-2.309983e-05,286.4724
7.331371e-06,-2.319914e-05,286.6134
6.735325e-06,-2.330045e-05,286.7545
6.28829e-06,-2.339979e-05,286.8955
6.049871e-06,-2.350069e-05,287.0365
6.496906e-06,-2.360002e-05,287.1776
6.169081e-06,-2.370097e-05,287.3186
6.884336e-06,-2.38003e-05,287.4597
6.735325e-06,-2.389944e-05,287.6007
6.735325e-06,-2.400047e-05,287.7418
6.645918e-06,-2.409985e-05,287.8828
6.526709e-06,-2.420091e-05,288.0238
6.318092e-06,-2.43002e-05,288.1649
6.467104e-06,-2.4401e-05,288.3059
7.18236e-06,-2.450035e-05,288.447
6.586313e-06,-2.459959e-05,288.5881
6.556511e-06,-2.47006e-05,288.7291
6.526709e-06,-2.479978e-05,288.8702
7.18236e-06,-2.490087e-05,289.0112
6.228685e-06,-2.500029e-05,289.1523
6.526709e-06,-2.509959e-05,289.2933
6.884336e-06,-2.520047e-05,289.4344
6.377697e-06,-2.529977e-05,289.5754
6.645918e-06,-2.540073e-05,289.7165
6.049871e-06,-2.550009e-05,289.8575
6.556511e-06,-2.560116e-05,289.9985
6.586313e-06,-2.570025e-05,290.1396
6.735325e-06,-2.579957e-05,290.2806
6.645918e-06,-2.59006e-05,290.4216
6.645918e-06,-2.599992e-05,290.5627
6.854534e-06,-2.610069e-05,290.7037
6.526709e-06,-2.620008e-05,290.8448
6.109476e-06,-2.629936e-05,290.9858
6.884336e-06,-2.640036e-05,291.1268
6.407499e-06,-2.649947e-05,291.2679
6.407499e-06,-2.660051e-05,291.4089
6.79493e-06,-2.669975e-05,291.55
6.973743e-06,-2.680074e-05,291.691
6.735325e-06,-2.689994e-05,291.832
6.79493e-06,-2.69993e-05,291.9731
6.437302e-06,-2.710031e-05,292.1141
6.884336e-06,-2.71996e-05,292.2551
6.169081e-06,-2.730062e-05,292.3962
6.765127e-06,-2.739976e-05,292.5372
6.526709e-06,-2.750073e-05,292.6783
6.020069e-06,-2.760018e-05,292.8193
6.28829e-06,-2.769953e-05,292.9604
6.228685e-06,-2.780034e-05,293.1014
6.735325e-06,-2.789966e-05,293.2425
6.854534e-06,-2.800061e-05,293.3835
6.049871e-06,-2.809992e-05,293.5246
6.407499e-06,-2.819909e-05,293.6656
6.377697e-06,-2.830008e-05,293.8067
6.556511e-06,-2.839947e-05,293.9477
6.645918e-06,-2.85006e-05,294.0887
6.854534e-06,-2.859993e-05,294.2298
6.735325e-06,-2.870076e-05,294.3708
6.884336e-06,-2.880007e-05,294.5119
7.092953e-06,-2.889935e-05,294.6529
6.28829e-06,-2.90004e-05,294.7939
6.765127e-06,-2.909955e-05,294.935
6.318092e-06,-2.920059e-05,295.076
6.556511e-06,-2.92999e-05,295.2171
6.854534e-06,-2.939922e-05,295.3581
5.90086e-06,-2.950004e-05,295.4992
6.943941e-06,-2.959943e-05,295.6402
6.645918e-06,-2.970037e-05,295.7812
6.884336e-06,-2.979973e-05,295.9223
6.318092e-06,-2.990072e-05,296.0633
6.884336e-06,-2.999981e-05,296.2043
6.943941e-06,-3.009921e-05,296.3454
6.318092e-06,-3.020048e-05,296.4864
6.616116e-06,-3.029984e-05,296.6275
6.28829e-06,-3.040068e-05,296.7685
5.990267e-06,-3.050004e-05,296.9096
6.318092e-06,-3.060099e-05,297.0506
5.990267e-06,-3.070031e-05,297.1917
5.722046e-06,-3.079945e-05,297.3327
6.616116e-06,-3.090042e-05,297.4738
6.318092e-06,-3.099987e-05,297.6148
6.437302e-06,-3.110086e-05,297.7559
6.258488e-06,-3.120022e-05,297.8969
6.228685e-06,-3.129935e-05,298.038
6.735325e-06,-3.140037e-05,298.179
6.049871e-06,-3.149957e-05,298.32
6.407499e-06,-3.160055e-05,298.4611
6.67572e-06,-3.169975e-05,298.6021
6.735325e-06,-3.180081e-05,298.7432
6.526709e-06,-3.190026e-05,298.8842
6.079674e-06,-3.19996e-05,299.0252
6.467104e-06,-3.210043e-05,299.1663
6.556511e-06,-3.219974e-05,299.3073
6.020069e-06,-3.230068e-05,299.4484
6.377697e-06,-3.240003e-05,299.5894
6.079674e-06,-3.249948e-05,299.7304
6.616116e-06,-3.26002e-05,299.8715
6.526709e-06,-3.269955e-05,300.0125
6.28829e-06,-3.280054e-05,300.1536
6.169081e-06,-3.289984e-05,300.2946
6.020069e-06,-3.300067e-05,300.4357
6.347895e-06,-3.310008e-05,300.5767
6.526709e-06,-3.319939e-05,300.7178
6.318092e-06,-3.330031e-05,300.8588
5.960464e-06,-3.33995e-05,300.9998
6.377697e-06,-3.350049e-05,301.1409
6.735325e-06,-3.359982e-05,301.282
6.67572e-06,-3.370078e-05,301.423
6.407499e-06,-3.380001e-05,301.5641
6.407499e-06,-3.389939e-05,301.7051
6.169081e-06,-3.400038e-05,301.8461
6.347895e-06,-3.40996e-05,301.9872
6.556511e-06,-3.420064e-05,302.1282
6.228685e-06,-3.429974e-05,302.2693
6.347895e-06,-3.439917e-05,302.4103
6.318092e-06,-3.450016e-05,302.5513
6.526709e-06,-3.459955e-05,302.6924
5.960464e-06,-3.470035e-05,302.8334
6.049871e-06,-3.479967e-05,302.9744
6.526709e-06,-3.490063e-05,303.1155
6.526709e-06,-3.499992e-05,303.2565
6.377697e-06,-3.509916e-05,303.3976
6.258488e-06,-3.520011e-05,303.5386
6.765127e-06,-3.52996e-05,303.6797
6.377697e-06,-3.540062e-05,303.8207
6.318092e-06,-3.549995e-05,303.9617
6.616116e-06,-3.560077e-05,304.1028
5.990267e-06,-3.570013e-05,304.2438
6.318092e-06,-3.579943e-05,304.3849
6.645918e-06,-3.590038e-05,304.5259
6.28829e-06,-3.599962e-05,304.667
6.377697e-06,-3.610057e-05,304.808
6.169081e-06,-3.61999e-05,304.9491
6.467104e-06,-3.629921e-05,305.0901
5.960464e-06,-3.640006e-05,305.2312
5.90086e-06,-3.649942e-05,305.3722
6.526709e-06,-3.66004e-05,305.5133
6.645918e-06,-3.669976e-05,305.6543
5.573034e-06,-3.680075e-05,305.7953
6.645918e-06,-3.689987e-05,305.9364
6.705523e-06,-3.69992e-05,306.0774
6.467104e-06,-3.71005e-05,306.2185
6.467104e-06,-3.719989e-05,306.3595
6.526709e-06,-3.730063e-05,306.5005
6.228685e-06,-3.740011e-05,306.6416
6.079674e-06,-3.749934e-05,306.7826
5.960464e-06,-3.760029e-05,306.9237
6.28829e-06,-3.769941e-05,307.0647
6.467104e-06,-3.780042e-05,307.2058
6.318092e-06,-3.789992e-05,307.3468
6.318092e-06,-3.800084e-05,307.4878
6.616116e-06,-3.810028e-05,307.6289
6.109476e-06,-3.819936e-05,307.7699
6.407499e-06,-3.830035e-05,307.911
6.169081e-06,-3.839954e-05,308.052
6.437302e-06,-3.850053e-05,308.1931
5.930662e-06,-3.859977e-05,308.3341
6.28829e-06,-3.870076e-05,308.4752
6.526709e-06,-3.880031e-05,308.6162
6.884336e-06,-3.889958e-05,308.7573
6.616116e-06,-3.900043e-05,308.8983
6.079674e-06,-3.909972e-05,309.0394
6.318092e-06,-3.920069e-05,309.1804
6.854534e-06,-3.930007e-05,309.3214
6.28829e-06,-3.939915e-05,309.4625
6.377697e-06,-3.950026e-05,309.6035
6.377697e-06,-3.959959e-05,309.7446
6.407499e-06,-3.970056e-05,309.8856
6.496906e-06,-3.979985e-05,310.0266
6.616116e-06,-3.990062e-05,310.1677
6.139278e-06,-4.000009e-05,310.3087
6.198883e-06,-4.009926e-05,310.4498
6.228685e-06,-4.020036e-05,310.5908
6.28829e-06,-4.029949e-05,310.7318
6.28829e-06,-4.040053e-05,310.8729
-0.002690405,-4.049987e-05,311.0139
-0.002690703,-4.059917e-05,311.155
-0.002690405,-4.070008e-05,311.296
-0.00269106,-4.079932e-05,311.4371
-0.002691031,-4.090047e-05,311.5781
-0.002691001,-4.099964e-05,311.7191
-0.002690405,-4.110071e-05,311.8602
-0.002690554,-4.119979e-05,312.0012
-0.00269106,-4.129916e-05,312.1423
-0.002691209,-4.140021e-05,312.2833
-0.002691448,-4.149946e-05,312.4244
-0.002691358,-4.160042e-05,312.5655
-0.002691388,-4.169969e-05,312.7065
-0.002691865,-4.180062e-05,312.8476
-0.00269118,-4.189991e-05,312.9886
-0.002691776,-4.199911e-05,313.1297
-0.002691984,-4.210015e-05,313.2708
-0.002691656,-4.219965e-05,313.4118
-0.002691984,-4.230069e-05,313.5529
-0.002692729,-4.239996e-05,313.6939
-0.002692163,-4.249904e-05,313.835
-0.002692223,-4.260008e-05,313.976
-0.002691716,-4.269939e-05,314.1171
-0.002692163,-4.280043e-05,314.2581
-0.002692491,-4.289951e-05,314.3992
-0.002692103,-4.300066e-05,314.5402
-0.00269267,-4.309992e-05,314.6813
-0.00269255,-4.319916e-05,314.8223
-0.002692789,-4.330008e-05,314.9633
-0.00269267,-4.339944e-05,315.1044
-0.00269258,-4.350043e-05,315.2454
-0.002692491,-4.359966e-05,315.3864
-0.002692968,-4.369914e-05,315.5275
-0.002693295,-4.379987e-05,315.6685
-0.002693146,-4.389923e-05,315.8096
-0.002693444,-4.400052e-05,315.9506
-0.002693146,-4.409984e-05,316.0917
-0.002693772,-4.420071e-05,316.2327
-0.00269416,-4.429993e-05,316.3738
-0.002693772,-4.439936e-05,316.5148
-0.002694041,-4.450028e-05,316.6559
-0.002693474,-4.459938e-05,316.7969
-0.002693832,-4.470044e-05,316.938
-0.002693951,-4.479992e-05,317.079
-0.00269407,-4.490087e-05,317.2201
-0.002694041,-4.499999e-05,317.3611
-0.002694517,-4.50994e-05,317.5022
-0.002693504,-4.520039e-05,317.6432
-0.002694368,-4.529954e-05,317.7843
-0.002694935,-4.540059e-05,317.9253
-0.002694279,-4.549975e-05,318.0664
-0.002694786,-4.559911e-05,318.2074
-0.002694249,-4.570022e-05,318.3485
-0.002694368,-4.579962e-05,318.4895
-0.002694726,-4.590038e-05,318.6306
-0.002694964,-4.599967e-05,318.7716
-0.002694488,-4.610069e-05,318.9127
-0.002694905,-4.620005e-05,319.0537
-0.002695411,-4.629917e-05,319.1948
-0.002695292,-4.640018e-05,319.3358
-0.002695531,-4.649971e-05,319.4769
-0.002694964,-4.66006e-05,319.6179
-0.002695143,-4.669983e-05,319.759
-0.002694964,-4.679912e-05,319.9001
-0.002695888,-4.690011e-05,320.0411
-0.002695531,-4.699925e-05,320.1821
-0.002695382,-4.710024e-05,320.3232
-0.002695858,-4.719954e-05,320.4642
-0.002695799,-4.730052e-05,320.6053
-0.002696097,-4.739975e-05,320.7463
-0.002696216,-4.749918e-05,320.8874
-0.002696186,-4.760003e-05,321.0284
-0.002696097,-4.769924e-05,321.1695
-0.002696276,-4.780026e-05,321.3105
-0.002696514,-4.789971e-05,321.4516
-0.002696335,-4.800066e-05,321.5926
-0.002696455,-4.80997e-05,321.7337
-0.002696216,-4.819922e-05,321.8747
-0.002696723,-4.830013e-05,322.0157
-0.002695948,-4.839938e-05,322.1568
-0.002696425,-4.850018e-05,322.2978
-0.002696693,-4.85997e-05,322.4389
-0.002696961,-4.869889e-05,322.5799
-0.002697259,-4.87998e-05,322.721
-0.00269717,-4.889914e-05,322.862
-0.002697468,-4.900008e-05,323.0031
-0.002697378,-4.90996e-05,323.1441
-0.002697647,-4.920055e-05,323.2852
-0.002697349,-4.93e-05,323.4262
-0.002697229,-4.939899e-05,323.5673
-0.002697587,-4.950006e-05,323.7083
-0.002697408,-4.959939e-05,323.8494
-0.002697498,-4.970033e-05,323.9905
-0.002697557,-4.979939e-05,324.1315
-0.002697766,-4.990047e-05,324.2726
-0.002698064,-4.999994e-05,324.4136
-0.002698302,-5.009914e-05,324.5547
-0.002698153,-5.019993e-05,324.6957
-0.002698064,-5.029942e-05,324.8368
-0.002698898,-5.040034e-05,324.9778
-0.002698392,-5.049954e-05,325.1189
-0.002698094,-5.059881e-05,325.26
-0.002698302,-5.069989e-05,325.401
-0.002698362,-5.079921e-05,325.5421
-0.002698421,-5.090036e-05,325.6831
-0.002697974,-5.099986e-05,325.8242
-0.002698213,-5.110059e-05,325.9652
-0.002698302,-5.119988e-05,326.1063
-0.002698958,-5.12992e-05,326.2474
-0.002698749,-5.140026e-05,326.3884
-0.002699465,-5.149932e-05,326.5295
-0.002698749,-5.160031e-05,326.6705
-0.002698958,-5.16999e-05,326.8115
-0.002698869,-5.1799e-05,326.9526
-0.002699435,-5.189987e-05,327.0936
-0.002699316,-5.199922e-05,327.2347
-0.002699494,-5.210037e-05,327.3757
-0.002699524,-5.219951e-05,327.5168
-0.002699256,-5.23005e-05,327.6578
-0.002699524,-5.239977e-05,327.7988
-0.002699524,-5.249897e-05,327.9399
-0.002699584,-5.260012e-05,328.081
-0.002699733,-5.269946e-05,328.222
-0.002699643,-5.28004e-05,328.363
-0.00270012,-5.28996e-05,328.5041
-0.002700001,-5.300059e-05,328.6451
-0.00270009,-5.31e-05,328.7862
-0.002700239,-5.319901e-05,328.9273
-0.00270009,-5.330007e-05,329.0683
-0.00270021,-5.339956e-05,329.2094
-0.00270012,-5.350058e-05,329.3504
-0.002701104,-5.359983e-05,329.4915
-0.002700239,-5.369898e-05,329.6325
-0.002700686,-5.380013e-05,329.7736
-0.002700686,-5.389916e-05,329.9146
-0.002700239,-5.400015e-05,330.0557
-0.002701014,-5.409942e-05,330.1968
-0.002700895,-5.420053e-05,330.3378
-0.002700776,-5.429982e-05,330.4789
-0.002700925,-5.439913e-05,330.6199
-0.002700746,-5.450002e-05,330.761
-0.002701223,-5.459918e-05,330.902
-0.002701849,-5.470024e-05,331.0431
-0.002700895,-5.47996e-05,331.1841
-0.002701342,-5.489892e-05,331.3252
-0.002701819,-5.499969e-05,331.4662
-0.002701372,-5.509915e-05,331.6073
-0.002701193,-5.520019e-05,331.7483
-0.002701491,-5.529933e-05,331.8894
-0.002701551,-5.540013e-05,332.0304
-0.002701938,-5.549956e-05,332.1714
-0.00270167,-5.559885e-05,332.3125
-0.002702057,-5.56998e-05,332.4535
-0.002702177,-5.579903e-05,332.5946
-0.002702087,-5.590015e-05,332.7356
-0.002702266,-5.599951e-05,332.8767
-0.002701819,-5.610046e-05,333.0177
-0.002701968,-5.619974e-05,333.1588
-0.002702475,-5.629902e-05,333.2998
-0.002702385,-5.640007e-05,333.4409
-0.002702177,-5.64993e-05,333.5819
-0.002702743,-5.660037e-05,333.723
-0.002702326,-5.669937e-05,333.864
-0.002702862,-5.679877e-05,334.0051
-0.002702862,-5.689978e-05,334.1461
-0.002702892,-5.699912e-05,334.2872
-0.002702892,-5.709993e-05,334.4282
-0.002703041,-5.719932e-05,334.5692
-0.0027031,-5.730036e-05,334.7103
-0.002703071,-5.739949e-05,334.8513
-0.00270319,-5.749874e-05,334.9924
-0.002703249,-5.75998e-05,335.1334
-0.00270319,-5.769923e-05,335.2745
-0.002703667,-5.780038e-05,335.4155
-0.002703369,-5.789974e-05,335.5565
-0.002703458,-5.799884e-05,335.6976
-0.002703458,-5.809977e-05,335.8387
-0.002704322,-5.81991e-05,335.9797
-0.002704054,-5.830014e-05,336.1208
-0.002704084,-5.83993e-05,336.2619
-0.002704322,-5.850029e-05,336.4029
-0.002703786,-5.859976e-05,336.544
-0.002703398,-5.869901e-05,336.685
-0.002704233,-5.879981e-05,336.8261
-0.002703637,-5.889917e-05,336.9671
-0.002703816,-5.900025e-05,337.1082
-0.002704114,-5.909945e-05,337.2493
-0.002704322,-5.920047e-05,337.3903
-0.002705008,-5.929965e-05,337.5314
-0.002704442,-5.939904e-05,337.6724
-0.002704114,-5.950003e-05,337.8135
-0.002704352,-5.959939e-05,337.9545
-0.002704889,-5.970024e-05,338.0956
-0.00270465,-5.979958e-05,338.2366
-0.002704322,-5.989896e-05,338.3777
-0.00270468,-5.99999e-05,338.5187
